_id,titulo,portada,slug,descripcion,etiqueta,clasificacion,categoria,subcategorias,labels[0],labels[1],labels[2],labels[3],labels[4],estado,createdAT,tenant,__v
6852ddc311304d6fc7c26c39,Set Colección Sweet Lite 363,920f4d0a-d520-4713-835f-d5f513c2e497.jpg,set-coleccion-sweet-lite-363,Línea exclusiva con los más altos estándares de calidad. Un producto indispensable para tu día a día.,Edición Limitada,Niñas,6852dcdc42ef544cc771d515,Personajes,etiqueta_1,etiqueta_2,etiqueta_3,etiqueta_4,etiqueta_5,false,2025-04-17T00:12:17.000Z,6852dbf5c4a6f8d1a81074f6,0
6852ddc311304d6fc7c26c42,Sudadera College Premium 686,9c724fb6-1b15-406c-b0af-72668185cb03.jpg,sudadera-college-premium-686,Material duradero y tecnología avanzada. Combina funcionalidad y estilo para acompañarte en todas tus actividades.,Nuevo,Masculino,6852dcdc42ef544cc771d506,Ropa Interior,etiqueta_1,etiqueta_2,etiqueta_3,etiqueta_4,etiqueta_5,false,2025-04-16T23:32:17.000Z,6852dbf5c4a6f8d1a81074f6,0
6852ddc311304d6fc7c26c53,Set Colección Infantil Max 885,6c14ef9d-8d40-45be-9136-2199a10988b3.jpg,set-coleccion-infantil-max-885,Material duradero y tecnología avanzada. Combina funcionalidad y estilo para acompañarte en todas tus actividades.,Nuevo,Niños,6852dcdc42ef544cc771d514,Personajes,etiqueta_1,etiqueta_2,etiqueta_3,etiqueta_4,etiqueta_5,false,2025-04-16T23:20:17.000Z,6852dbf5c4a6f8d1a81074f6,0
6852ddc311304d6fc7c26c59,Mochila Explorer Max 927,56e18003-9b68-4b26-a85e-3b1806396027.jpg,mochila-explorer-max-927,Línea exclusiva con los más altos estándares de calidad. Un producto indispensable para tu día a día.,Edición Limitada,Masculino,6852dcdc42ef544cc771d4fe,Mochilas para Portátil,etiqueta_1,etiqueta_2,etiqueta_3,etiqueta_4,etiqueta_5,true,2025-04-16T23:48:17.000Z,6852dbf5c4a6f8d1a81074f6,0
6852ddc311304d6fc7c26c61,Billetera Slim Lite 138,7567aaf7-bd4a-4316-8aab-2192aab6786e.jpg,billetera-slim-lite-138,Innovación y diseño de vanguardia. Un producto que destaca por su durabilidad y detalles cuidadosamente seleccionados.,Edición Limitada,Femenino,6852dcdc42ef544cc771d503,Bolsos de Mano,etiqueta_1,etiqueta_2,,,,true,2025-04-17T01:35:17.000Z,6852dbf5c4a6f8d1a81074f6,0
6852ddc311304d6fc7c26c66,Pantalón Cargo Max 783,b465c191-f445-41c3-8c2b-7a781815da89.jpg,pantalon-cargo-max-783,Línea exclusiva con los más altos estándares de calidad. Un producto indispensable para tu día a día.,Exclusivo,Masculino,6852dcdc42ef544cc771d506,Chaquetas,etiqueta_1,etiqueta_2,etiqueta_3,etiqueta_4,etiqueta_5,true,2025-04-17T02:57:17.000Z,6852dbf5c4a6f8d1a81074f6,0
6852ddc311304d6fc7c26c71,Maleta Viajera Premium 117,1e1e8d45-decc-40e6-8007-0cf8f423ccf9.jpg,maleta-viajera-premium-117,Innovación y diseño de vanguardia. Un producto que destaca por su durabilidad y detalles cuidadosamente seleccionados.,Oferta,Masculino,6852dcdc42ef544cc771d4fe,Mochilas Escolares,etiqueta_1,etiqueta_2,etiqueta_3,,,true,2025-04-17T01:19:17.000Z,6852dbf5c4a6f8d1a81074f6,0
6852ddc311304d6fc7c26c77,Morral Universitario 2.0 354,54d981d8-bd60-4f51-82c3-70e23af0540e.jpg,morral-universitario-2-0-354,Calidad premium y estilo contemporáneo. La combinación perfecta de practicidad y tendencia actual.,Oferta,Masculino,6852dcdc42ef544cc771d4fe,Bolsos Deportivos,etiqueta_1,etiqueta_2,etiqueta_3,,,true,2025-04-16T23:14:17.000Z,6852dbf5c4a6f8d1a81074f6,0
6852ddc311304d6fc7c26c7b,Camiseta Princess 2.0 600,ec0ee28b-e7df-482c-8d88-d6b45f5b6e82.jpg,camiseta-princess-2-0-600,Calidad premium y estilo contemporáneo. La combinación perfecta de practicidad y tendencia actual.,Edición Limitada,Niñas,6852dcdc42ef544cc771d509,Camisetas,etiqueta_1,etiqueta_2,etiqueta_3,,,false,2025-04-16T23:45:17.000Z,6852dbf5c4a6f8d1a81074f6,0
6852ddc311304d6fc7c26c89,Neceser Beauty Lite 475,6fc8eef0-bbb2-41db-bcc8-b07e2a4d2d49.jpg,neceser-beauty-lite-475,Innovación y diseño de vanguardia. Un producto que destaca por su durabilidad y detalles cuidadosamente seleccionados.,Nuevo,Femenino,6852dcdc42ef544cc771d503,Billeteras,etiqueta_1,etiqueta_2,etiqueta_3,etiqueta_4,,true,2025-04-16T23:36:17.000Z,6852dbf5c4a6f8d1a81074f6,0
6852ddc311304d6fc7c26c91,Neceser Voyage Max 435,a75c3484-f107-4cd8-8ae8-b610bbfc815b.jpg,neceser-voyage-max-435,Diseño minimalista pero funcional. Perfecto para quienes buscan simplicidad sin renunciar al estilo.,Nuevo,Masculino,6852dcdc42ef544cc771d502,Estuches,etiqueta_1,etiqueta_2,,,,false,2025-04-16T23:53:17.000Z,6852dbf5c4a6f8d1a81074f6,0
6852ddc311304d6fc7c26c94,Mochila Junior Pink Premium 318,24428121-ac49-440f-847f-c5aa4972f02a.jpg,mochila-junior-pink-premium-318,Funcionalidad excepcional con detalles prácticos. La opción ideal para quienes valoran la calidad y el diseño.,Nuevo,Niñas,6852dcdc42ef544cc771d501,Mochilas Escolares,etiqueta_1,etiqueta_2,etiqueta_3,etiqueta_4,etiqueta_5,false,2025-04-17T02:41:17.000Z,6852dbf5c4a6f8d1a81074f6,0
6852ddc311304d6fc7c26c9d,Tenis Runner Max 520,be62af65-1e96-40a5-8a8b-703daf9c459f.jpg,tenis-runner-max-520,"Fabricado con los mejores materiales, ofrece comodidad y espacio. Su diseño único refleja tu personalidad.",Oferta,Masculino,6852dcdc42ef544cc771d50a,Zapatillas Casual,etiqueta_1,etiqueta_2,etiqueta_3,etiqueta_4,,false,2025-04-17T00:18:17.000Z,6852dbf5c4a6f8d1a81074f6,0
6852ddc311304d6fc7c26cc0,Camiseta Princess Lite 102,c7b0c3e5-2beb-4a07-be21-2d6a39d88061.jpg,camiseta-princess-lite-102,Línea exclusiva con los más altos estándares de calidad. Un producto indispensable para tu día a día.,Destacado,Niñas,6852dcdc42ef544cc771d509,Pantalones,etiqueta_1,etiqueta_2,etiqueta_3,,,false,2025-04-17T02:14:17.000Z,6852dbf5c4a6f8d1a81074f6,0
6852ddc311304d6fc7c26cc8,Cargador Rápido Lite 778,7dc90ec0-9c23-417e-b4c0-ac6515e3806c.jpg,cargador-rapido-lite-778,Elaborado con tecnología de punta y materiales sostenibles. Un producto que cuida de ti y del medio ambiente.,Oferta,Masculino,6852dcdc42ef544cc771d50e,Accesorios para Celular,etiqueta_1,etiqueta_2,etiqueta_3,etiqueta_4,,true,2025-04-17T01:25:17.000Z,6852dbf5c4a6f8d1a81074f6,0
6852ddc311304d6fc7c26cd1,Zapatillas Sweet Plus 254,02b5e9ff-9bea-498b-94cf-388fa46c9b89.jpg,zapatillas-sweet-plus-254,"Diseño ergonómico y resistente, ideal para uso diario. Con compartimentos organizados para satisfacer todas tus necesidades.",Nuevo,Niñas,6852dcdc42ef544cc771d50d,Sandalias,etiqueta_1,,,,,true,2025-04-17T02:19:17.000Z,6852dbf5c4a6f8d1a81074f6,0
6852ddc311304d6fc7c26cd9,Bolso de Mano Evening 2.0 107,62f5d6c4-2a5a-4edc-8ebf-b30969e09a42.jpg,bolso-de-mano-evening-2-0-107,Línea exclusiva con los más altos estándares de calidad. Un producto indispensable para tu día a día.,Nuevo,Femenino,6852dcdc42ef544cc771d503,Billeteras,etiqueta_1,etiqueta_2,etiqueta_3,etiqueta_4,,true,2025-04-17T01:49:17.000Z,6852dbf5c4a6f8d1a81074f6,0
6852ddc311304d6fc7c26ce1,Set Colección Infantil Premium 528,02610f5a-6c15-4219-893e-b1a9c3f52eb7.jpg,set-coleccion-infantil-premium-528,"Diseño ergonómico y resistente, ideal para uso diario. Con compartimentos organizados para satisfacer todas tus necesidades.",Edición Limitada,Niños,6852dcdc42ef544cc771d514,Personajes,etiqueta_1,,,,,true,2025-04-17T01:56:17.000Z,6852dbf5c4a6f8d1a81074f6,0
6852ddc311304d6fc7c26ce6,Tenis Sport Girl Lite 928,1ca24b22-0619-4e19-bde0-b4ddea4e0e95.jpg,tenis-sport-girl-lite-928,Material duradero y tecnología avanzada. Combina funcionalidad y estilo para acompañarte en todas tus actividades.,Exclusivo,Niñas,6852dcdc42ef544cc771d50d,Zapatillas Casual,etiqueta_1,,,,,false,2025-04-17T02:54:17.000Z,6852dbf5c4a6f8d1a81074f6,0
6852ddc311304d6fc7c26ceb,Chaqueta Urban Pro 417,2deadee4-934b-4f2f-8eb6-adab48098d96.jpg,chaqueta-urban-pro-417,Funcionalidad excepcional con detalles prácticos. La opción ideal para quienes valoran la calidad y el diseño.,Oferta,Masculino,6852dcdc42ef544cc771d506,Ropa Interior,etiqueta_1,etiqueta_2,etiqueta_3,etiqueta_4,,true,2025-04-16T23:55:17.000Z,6852dbf5c4a6f8d1a81074f6,0
6852ddc311304d6fc7c26cfa,Camiseta Fun Plus 688,3f2aee99-d5cc-4300-baa9-51328451e369.jpg,camiseta-fun-plus-688,Línea exclusiva con los más altos estándares de calidad. Un producto indispensable para tu día a día.,Destacado,Niños,6852dcdc42ef544cc771d508,Sudaderas,etiqueta_1,etiqueta_2,etiqueta_3,,,true,2025-04-17T00:26:17.000Z,6852dbf5c4a6f8d1a81074f6,0
6852ddc311304d6fc7c26d05,Audífonos Kid Pro 333,dcd01da2-79cd-49cb-b11f-a8f7ba23e8c4.jpg,audifonos-kid-pro-333,Línea exclusiva con los más altos estándares de calidad. Un producto indispensable para tu día a día.,Nuevo,Niños,6852dcdc42ef544cc771d510,Accesorios para Celular,etiqueta_1,etiqueta_2,,,,true,2025-04-17T02:33:17.000Z,6852dbf5c4a6f8d1a81074f6,0
6852ddc311304d6fc7c26d09,Tenis Sport Girl Pro 861,a8c6833e-2316-4574-baba-333a6f4eeb88.jpg,tenis-sport-girl-pro-861,Elaborado con tecnología de punta y materiales sostenibles. Un producto que cuida de ti y del medio ambiente.,Nuevo,Niñas,6852dcdc42ef544cc771d50d,Botas,etiqueta_1,,,,,true,2025-04-17T01:50:17.000Z,6852dbf5c4a6f8d1a81074f6,0
6852ddc311304d6fc7c26d27,Mochila Junior Plus 703,db9450e7-d37c-4757-9d6e-5f25a1cac615.jpg,mochila-junior-plus-703,Elaborado con tecnología de punta y materiales sostenibles. Un producto que cuida de ti y del medio ambiente.,Exclusivo,Niños,6852dcdc42ef544cc771d500,Mochilas para Niños,etiqueta_1,etiqueta_2,etiqueta_3,,,false,2025-04-17T01:37:17.000Z,6852dbf5c4a6f8d1a81074f6,0
6852ddc311304d6fc7c26d2c,Sudadera College Plus 947,dcde6cdd-958f-4059-ad92-9da6f5ea5103.jpg,sudadera-college-plus-947,Elaborado con tecnología de punta y materiales sostenibles. Un producto que cuida de ti y del medio ambiente.,Nuevo,Masculino,6852dcdc42ef544cc771d506,Sudaderas,etiqueta_1,etiqueta_2,etiqueta_3,,,false,2025-04-17T01:49:17.000Z,6852dbf5c4a6f8d1a81074f6,0
6852ddc311304d6fc7c26d37,Kit Edición Limitada Premium 661,ae0c7a53-8ad2-47f4-8fc0-9f8b28bd4db0.jpg,kit-edicion-limitada-premium-661,Funcionalidad excepcional con detalles prácticos. La opción ideal para quienes valoran la calidad y el diseño.,Nuevo,Masculino,6852dcdc42ef544cc771d512,Eco-friendly,etiqueta_1,etiqueta_2,etiqueta_3,,,true,2025-04-17T01:03:17.000Z,6852dbf5c4a6f8d1a81074f6,0
6852ddc311304d6fc7c26d3b,Powerbank Compact 2.0 190,f361f6ff-5482-49a6-9811-670900aed312.jpg,powerbank-compact-2-0-190,Elaborado con tecnología de punta y materiales sostenibles. Un producto que cuida de ti y del medio ambiente.,Destacado,Femenino,6852dcdc42ef544cc771d50f,Gadgets,etiqueta_1,,,,,true,2025-04-17T00:27:17.000Z,6852dbf5c4a6f8d1a81074f6,0
6852ddc311304d6fc7c26d3f,Pantalón Play Plus 224,ea10a700-79f6-4cb7-8f2f-e230fb52ded5.jpg,pantalon-play-plus-224,Línea exclusiva con los más altos estándares de calidad. Un producto indispensable para tu día a día.,Destacado,Niños,6852dcdc42ef544cc771d508,Sudaderas,etiqueta_1,,,,,true,2025-04-16T23:53:17.000Z,6852dbf5c4a6f8d1a81074f6,0
6852ddc311304d6fc7c26d49,Mochila Personajes Max 130,daf64d44-a607-4fdd-9ba2-23c543199f92.jpg,mochila-personajes-max-130,Funcionalidad excepcional con detalles prácticos. La opción ideal para quienes valoran la calidad y el diseño.,Oferta,Niños,6852dcdc42ef544cc771d514,Personajes,etiqueta_1,etiqueta_2,etiqueta_3,etiqueta_4,etiqueta_5,true,2025-04-17T02:28:17.000Z,6852dbf5c4a6f8d1a81074f6,0
6852ddc311304d6fc7c26d4f,Camiseta Princess Plus 293,970319dd-27e7-4f1b-86b1-5c92a7a4eca7.jpg,camiseta-princess-plus-293,"Fabricado con los mejores materiales, ofrece comodidad y espacio. Su diseño único refleja tu personalidad.",Destacado,Niñas,6852dcdc42ef544cc771d509,Chaquetas,etiqueta_1,etiqueta_2,etiqueta_3,etiqueta_4,,true,2025-04-16T23:55:17.000Z,6852dbf5c4a6f8d1a81074f6,0
6852ddc311304d6fc7c26d61,Lonchera Hero Pro 369,a93dd9d4-42ca-45f6-9c8e-03bd409d6071.jpg,lonchera-hero-pro-369,Diseño minimalista pero funcional. Perfecto para quienes buscan simplicidad sin renunciar al estilo.,Oferta,Niños,6852dcdc42ef544cc771d504,Cartucheras,etiqueta_1,,,,,true,2025-04-17T03:00:17.000Z,6852dbf5c4a6f8d1a81074f6,0
6852ddc311304d6fc7c26d67,Zapatillas Sweet Pro 444,2534147c-3fb9-4e12-8cc3-1b53f6cc0caa.jpg,zapatillas-sweet-pro-444,Material duradero y tecnología avanzada. Combina funcionalidad y estilo para acompañarte en todas tus actividades.,Nuevo,Niñas,6852dcdc42ef544cc771d50d,Sandalias,etiqueta_1,etiqueta_2,,,,true,2025-04-17T00:05:17.000Z,6852dbf5c4a6f8d1a81074f6,0
6852ddc311304d6fc7c26d7a,Botas Urban Premium 610,39788505-97df-4176-99bd-d86d81bd1e20.jpg,botas-urban-premium-610,Calidad premium y estilo contemporáneo. La combinación perfecta de practicidad y tendencia actual.,Nuevo,Femenino,6852dcdc42ef544cc771d50b,Zapatillas Casual,etiqueta_1,,,,,true,2025-04-17T01:20:17.000Z,6852dbf5c4a6f8d1a81074f6,0
6852ddc311304d6fc7c26d90,Billetera Classic Premium 805,7d06d76b-8ba7-427f-90de-ed86c8efe9e3.jpg,billetera-classic-premium-805,Línea exclusiva con los más altos estándares de calidad. Un producto indispensable para tu día a día.,Nuevo,Masculino,6852dcdc42ef544cc771d502,Portadocumentos,etiqueta_1,etiqueta_2,,,,true,2025-04-17T01:50:17.000Z,6852dbf5c4a6f8d1a81074f6,0
6852ddc311304d6fc7c26d9b,Camiseta Princess Max 625,cf77b9f9-d01e-42a0-abd6-bdd93667e626.jpg,camiseta-princess-max-625,"Diseño ergonómico y resistente, ideal para uso diario. Con compartimentos organizados para satisfacer todas tus necesidades.",Oferta,Niñas,6852dcdc42ef544cc771d509,Chaquetas,etiqueta_1,,,,,true,2025-04-16T23:31:17.000Z,6852dbf5c4a6f8d1a81074f6,0
6852ddc311304d6fc7c26dbb,Zapatillas Junior Lite 638,96c713dc-ee39-4562-bc76-a35f765ab97b.jpg,zapatillas-junior-lite-638,"Fabricado con los mejores materiales, ofrece comodidad y espacio. Su diseño único refleja tu personalidad.",Destacado,Niños,6852dcdc42ef544cc771d50c,Botas,etiqueta_1,,,,,true,2025-04-17T00:50:17.000Z,6852dbf5c4a6f8d1a81074f6,0
6852ddc311304d6fc7c26dc4,Cartuchera Adventure Plus 606,41c0df90-541f-4f31-8bcf-b906e94ca832.jpg,cartuchera-adventure-plus-606,"Fabricado con los mejores materiales, ofrece comodidad y espacio. Su diseño único refleja tu personalidad.",Destacado,Niños,6852dcdc42ef544cc771d504,Cartucheras,etiqueta_1,etiqueta_2,,,,true,2025-04-17T00:05:17.000Z,6852dbf5c4a6f8d1a81074f6,0
6852ddc311304d6fc7c26dcb,Audífonos Kid Lite 904,63023353-3ec0-4665-b2e6-2c3c68140b6a.jpg,audifonos-kid-lite-904,"Fabricado con los mejores materiales, ofrece comodidad y espacio. Su diseño único refleja tu personalidad.",Exclusivo,Niños,6852dcdc42ef544cc771d510,Accesorios para Celular,etiqueta_1,etiqueta_2,,,,false,2025-04-17T01:25:17.000Z,6852dbf5c4a6f8d1a81074f6,0
6852ddc311304d6fc7c26dd2,Mochila Junior Pink Plus 343,386cf2da-15ec-41c5-8ce2-ca4734ab7099.jpg,mochila-junior-pink-plus-343,Diseño minimalista pero funcional. Perfecto para quienes buscan simplicidad sin renunciar al estilo.,Exclusivo,Niñas,6852dcdc42ef544cc771d501,Mochilas Escolares,etiqueta_1,etiqueta_2,,,,false,2025-04-17T01:47:17.000Z,6852dbf5c4a6f8d1a81074f6,0
6852ddc311304d6fc7c26dd7,Cartuchera Dream Max 958,4fb4a91d-99c4-4143-81d1-cc93ace930a7.jpg,cartuchera-dream-max-958,Elaborado con tecnología de punta y materiales sostenibles. Un producto que cuida de ti y del medio ambiente.,Oferta,Niñas,6852dcdc42ef544cc771d505,Loncheras,etiqueta_1,etiqueta_2,,,,true,2025-04-17T00:40:17.000Z,6852dbf5c4a6f8d1a81074f6,0
6852ddc311304d6fc7c26dde,Chaqueta Junior Girl Lite 443,024d61c6-a547-45f5-9dd7-0c024b20bd1b.jpg,chaqueta-junior-girl-lite-443,Material duradero y tecnología avanzada. Combina funcionalidad y estilo para acompañarte en todas tus actividades.,Edición Limitada,Niñas,6852dcdc42ef544cc771d509,Sudaderas,etiqueta_1,etiqueta_2,etiqueta_3,etiqueta_4,,true,2025-04-17T01:10:17.000Z,6852dbf5c4a6f8d1a81074f6,0
6852ddc311304d6fc7c26df6,Mochila Escolar Princess Plus 463,b6b5a872-0ac6-4b75-a648-c9be70c3f20b.jpg,mochila-escolar-princess-plus-463,Funcionalidad excepcional con detalles prácticos. La opción ideal para quienes valoran la calidad y el diseño.,Nuevo,Niñas,6852dcdc42ef544cc771d501,Loncheras,etiqueta_1,etiqueta_2,,,,false,2025-04-17T01:02:17.000Z,6852dbf5c4a6f8d1a81074f6,0
6852ddc311304d6fc7c26dff,Pantalón Play 2.0 483,25afc1c7-5b3c-40a0-8049-7af37eb6a147.jpg,pantalon-play-2-0-483,"Fabricado con los mejores materiales, ofrece comodidad y espacio. Su diseño único refleja tu personalidad.",Exclusivo,Niños,6852dcdc42ef544cc771d508,Sudaderas,etiqueta_1,etiqueta_2,etiqueta_3,etiqueta_4,etiqueta_5,false,2025-04-17T02:24:17.000Z,6852dbf5c4a6f8d1a81074f6,0
6852ddc311304d6fc7c26e11,Mochila Junior Lite 755,ca35f960-5622-4a36-9917-da3873aac04b.jpg,mochila-junior-lite-755,Diseño minimalista pero funcional. Perfecto para quienes buscan simplicidad sin renunciar al estilo.,Nuevo,Niños,6852dcdc42ef544cc771d500,Mochilas Escolares,etiqueta_1,etiqueta_2,etiqueta_3,etiqueta_4,,false,2025-04-17T01:32:17.000Z,6852dbf5c4a6f8d1a81074f6,0
6852ddc311304d6fc7c26e19,Lonchera Unicorn Lite 679,75a74be6-aa74-477e-9d8e-72359d51c4bc.jpg,lonchera-unicorn-lite-679,Línea exclusiva con los más altos estándares de calidad. Un producto indispensable para tu día a día.,Destacado,Niñas,6852dcdc42ef544cc771d501,Loncheras,etiqueta_1,,,,,true,2025-04-17T01:48:17.000Z,6852dbf5c4a6f8d1a81074f6,0
6852ddc311304d6fc7c26e1e,Kit Edición Limitada Premium 949,5066adfd-edfb-4eb6-a458-cbf5bcd94cec.jpg,kit-edicion-limitada-premium-949,Funcionalidad excepcional con detalles prácticos. La opción ideal para quienes valoran la calidad y el diseño.,Edición Limitada,Masculino,6852dcdc42ef544cc771d512,Colecciones Limitadas,etiqueta_1,etiqueta_2,etiqueta_3,etiqueta_4,etiqueta_5,true,2025-04-17T02:14:17.000Z,6852dbf5c4a6f8d1a81074f6,0
6852ddc311304d6fc7c26e27,Set Eco-friendly Plus Lite 155,45c48493-a85e-4f44-8b55-87434c52fe51.jpg,set-eco-friendly-plus-lite-155,Innovación y diseño de vanguardia. Un producto que destaca por su durabilidad y detalles cuidadosamente seleccionados.,Oferta,Femenino,6852dcdc42ef544cc771d513,Premium,etiqueta_1,etiqueta_2,etiqueta_3,etiqueta_4,etiqueta_5,true,2025-04-17T00:06:17.000Z,6852dbf5c4a6f8d1a81074f6,0
6852ddc311304d6fc7c26e2a,Mochila Fashion Plus 986,3444a10f-c46b-468f-9c9f-664d6fd1ae29.jpg,mochila-fashion-plus-986,Línea exclusiva con los más altos estándares de calidad. Un producto indispensable para tu día a día.,Exclusivo,Masculino,6852dcdc42ef544cc771d4ff,Mochilas Urbanas,etiqueta_1,etiqueta_2,etiqueta_3,etiqueta_4,,false,2025-04-17T02:48:17.000Z,6852dbf5c4a6f8d1a81074f6,0
6852ddc311304d6fc7c26e33,Pantalón Play Pro 837,33a5a069-0e30-4802-a88a-4797f59739ea.jpg,pantalon-play-pro-837,Innovación y diseño de vanguardia. Un producto que destaca por su durabilidad y detalles cuidadosamente seleccionados.,Nuevo,Niños,6852dcdc42ef544cc771d508,Gorras y Sombreros,etiqueta_1,etiqueta_2,,,,true,2025-04-16T23:46:17.000Z,6852dbf5c4a6f8d1a81074f6,0
6852ddc311304d6fc7c26e4c,Mochila Junior Pink Max 705,44a0cdf6-8c64-42dd-ab25-d7d010b0f53f.jpg,mochila-junior-pink-max-705,Elaborado con tecnología de punta y materiales sostenibles. Un producto que cuida de ti y del medio ambiente.,Nuevo,Niñas,6852dcdc42ef544cc771d501,Mochilas Escolares,etiqueta_1,etiqueta_2,etiqueta_3,etiqueta_4,etiqueta_5,false,2025-04-17T02:54:17.000Z,6852dbf5c4a6f8d1a81074f6,0
6852ddc311304d6fc7c26e50,Set Colección Sweet 2.0 565,b44aa261-d2c0-48be-b30b-e0898c59d174.jpg,set-coleccion-sweet-2-0-565,Elaborado con tecnología de punta y materiales sostenibles. Un producto que cuida de ti y del medio ambiente.,Oferta,Niñas,6852dcdc42ef544cc771d515,Personajes,etiqueta_1,etiqueta_2,etiqueta_3,etiqueta_4,,true,2025-04-16T23:48:17.000Z,6852dbf5c4a6f8d1a81074f6,0
6852ddc311304d6fc7c26e58,Cartuchera Adventure Pro 954,0ba31f38-516a-4a03-85cd-e53a2a80367c.jpg,cartuchera-adventure-pro-954,Elaborado con tecnología de punta y materiales sostenibles. Un producto que cuida de ti y del medio ambiente.,Oferta,Niños,6852dcdc42ef544cc771d504,Loncheras,etiqueta_1,,,,,true,2025-04-17T00:14:17.000Z,6852dbf5c4a6f8d1a81074f6,0
6852ddc311304d6fc7c26e5e,Set Colección Sweet Premium 461,31b03001-ce44-4ece-83ae-a822cb714f18.jpg,set-coleccion-sweet-premium-461,Funcionalidad excepcional con detalles prácticos. La opción ideal para quienes valoran la calidad y el diseño.,Destacado,Niñas,6852dcdc42ef544cc771d515,Colecciones Infantiles,etiqueta_1,,,,,true,2025-04-17T00:48:17.000Z,6852dbf5c4a6f8d1a81074f6,0
6852ddc311304d6fc7c26e67,Estuche Triple Stars Plus 187,cf84f679-b70f-4a7d-bb16-e2b5c86c3f92.jpg,estuche-triple-stars-plus-187,Calidad premium y estilo contemporáneo. La combinación perfecta de practicidad y tendencia actual.,Exclusivo,Niñas,6852dcdc42ef544cc771d505,Estuches,etiqueta_1,,,,,true,2025-04-16T23:18:17.000Z,6852dbf5c4a6f8d1a81074f6,0
6852ddc311304d6fc7c26e71,Chaqueta City Pro 200,937a9deb-2e68-4e8b-8e3a-bdf0e4f39b77.jpg,chaqueta-city-pro-200,Línea exclusiva con los más altos estándares de calidad. Un producto indispensable para tu día a día.,Edición Limitada,Femenino,6852dcdc42ef544cc771d507,Gorras y Sombreros,etiqueta_1,etiqueta_2,,,,true,2025-04-17T02:35:17.000Z,6852dbf5c4a6f8d1a81074f6,0
6852ddc311304d6fc7c26e84,Zapatillas City Max 970,92229e64-521b-4681-9517-e8d25101ecbb.jpg,zapatillas-city-max-970,"Diseño ergonómico y resistente, ideal para uso diario. Con compartimentos organizados para satisfacer todas tus necesidades.",Oferta,Masculino,6852dcdc42ef544cc771d50a,Zapatillas Casual,etiqueta_1,etiqueta_2,etiqueta_3,,,true,2025-04-17T03:04:17.000Z,6852dbf5c4a6f8d1a81074f6,0
6852ddc311304d6fc7c26eae,Mochila Premium Premium 820,517f0646-0afa-46d3-905d-5e3b0d55256d.jpg,mochila-premium-premium-820,Diseño minimalista pero funcional. Perfecto para quienes buscan simplicidad sin renunciar al estilo.,Exclusivo,Masculino,6852dcdc42ef544cc771d512,Premium,etiqueta_1,etiqueta_2,etiqueta_3,,,true,2025-04-17T00:01:17.000Z,6852dbf5c4a6f8d1a81074f6,0
6852ddc311304d6fc7c26eb7,Set Colección Infantil Max 467,ebbe1c04-8abd-4e70-b7c1-b427f2377b60.jpg,set-coleccion-infantil-max-467,Diseño minimalista pero funcional. Perfecto para quienes buscan simplicidad sin renunciar al estilo.,Edición Limitada,Niños,6852dcdc42ef544cc771d514,Personajes,etiqueta_1,etiqueta_2,etiqueta_3,,,false,2025-04-17T02:58:17.000Z,6852dbf5c4a6f8d1a81074f6,0
6852ddc311304d6fc7c26ebd,Kit Edición Limitada Premium 959,20aa0922-703d-4fcb-80ff-1e50491a101b.jpg,kit-edicion-limitada-premium-959,"Fabricado con los mejores materiales, ofrece comodidad y espacio. Su diseño único refleja tu personalidad.",Edición Limitada,Masculino,6852dcdc42ef544cc771d512,Premium,etiqueta_1,etiqueta_2,,,,false,2025-04-16T23:33:17.000Z,6852dbf5c4a6f8d1a81074f6,0
6852ddc311304d6fc7c26ec8,Set Colección Sweet 2.0 647,1f5defa6-007c-456f-b5ea-a7e098229421.jpg,set-coleccion-sweet-2-0-647,Innovación y diseño de vanguardia. Un producto que destaca por su durabilidad y detalles cuidadosamente seleccionados.,Exclusivo,Niñas,6852dcdc42ef544cc771d515,Personajes,etiqueta_1,etiqueta_2,etiqueta_3,etiqueta_4,etiqueta_5,true,2025-04-17T00:30:17.000Z,6852dbf5c4a6f8d1a81074f6,0
6852ddc311304d6fc7c26ecc,Tenis Sport Girl Premium 926,005523fb-68be-45eb-b873-7d162cc48984.jpg,tenis-sport-girl-premium-926,Funcionalidad excepcional con detalles prácticos. La opción ideal para quienes valoran la calidad y el diseño.,Edición Limitada,Niñas,6852dcdc42ef544cc771d50d,Sandalias,etiqueta_1,etiqueta_2,etiqueta_3,etiqueta_4,etiqueta_5,false,2025-04-17T02:41:17.000Z,6852dbf5c4a6f8d1a81074f6,0
6852ddc311304d6fc7c26ed8,Camiseta Fun Lite 687,255fd7f4-cecd-4e23-b1ef-d835aee37956.jpg,camiseta-fun-lite-687,Calidad premium y estilo contemporáneo. La combinación perfecta de practicidad y tendencia actual.,Nuevo,Niños,6852dcdc42ef544cc771d508,Gorras y Sombreros,etiqueta_1,etiqueta_2,etiqueta_3,,,true,2025-04-17T02:27:17.000Z,6852dbf5c4a6f8d1a81074f6,0
6852ddc311304d6fc7c26eec,Set Colección Sweet Premium 700,f4cff75a-4b5a-4ba8-9433-e6c26c078d26.jpg,set-coleccion-sweet-premium-700,Innovación y diseño de vanguardia. Un producto que destaca por su durabilidad y detalles cuidadosamente seleccionados.,Oferta,Niñas,6852dcdc42ef544cc771d515,Colecciones Infantiles,etiqueta_1,etiqueta_2,,,,true,2025-04-16T23:47:17.000Z,6852dbf5c4a6f8d1a81074f6,0
6852ddc311304d6fc7c26ef2,Tenis Sport Girl Premium 571,1e591d69-b69d-4cd6-98ef-adb1213b62e2.jpg,tenis-sport-girl-premium-571,Diseño minimalista pero funcional. Perfecto para quienes buscan simplicidad sin renunciar al estilo.,Nuevo,Niñas,6852dcdc42ef544cc771d50d,Botas,etiqueta_1,etiqueta_2,,,,true,2025-04-17T00:37:17.000Z,6852dbf5c4a6f8d1a81074f6,0
6852ddc311304d6fc7c26f11,Mochila Premium Lite 546,7f1e9b2b-c2e0-49e8-8d70-628031b56a24.jpg,mochila-premium-lite-546,Diseño minimalista pero funcional. Perfecto para quienes buscan simplicidad sin renunciar al estilo.,Nuevo,Masculino,6852dcdc42ef544cc771d512,Colecciones Limitadas,etiqueta_1,etiqueta_2,etiqueta_3,,,false,2025-04-17T01:40:17.000Z,6852dbf5c4a6f8d1a81074f6,0
6852ddc311304d6fc7c26f1b,Set Eco-friendly Plus 2.0 388,aec61a07-171f-48a9-9f34-8f981d0a4e2a.jpg,set-eco-friendly-plus-2-0-388,Línea exclusiva con los más altos estándares de calidad. Un producto indispensable para tu día a día.,Oferta,Femenino,6852dcdc42ef544cc771d513,Eco-friendly,etiqueta_1,etiqueta_2,,,,false,2025-04-17T00:11:17.000Z,6852dbf5c4a6f8d1a81074f6,0
6852ddc311304d6fc7c26f26,Case Phone Fashion Plus 943,b7a0a031-5449-4a7a-bcc7-9cbdd0e2e568.jpg,case-phone-fashion-plus-943,Línea exclusiva con los más altos estándares de calidad. Un producto indispensable para tu día a día.,Destacado,Femenino,6852dcdc42ef544cc771d50f,Audífonos,etiqueta_1,,,,,false,2025-04-17T03:12:17.000Z,6852dbf5c4a6f8d1a81074f6,0
6852ddc311304d6fc7c26f2d,Billetera Slim Premium 841,b6a91176-99db-4c12-a49d-b046eb0cd4f3.jpg,billetera-slim-premium-841,Material duradero y tecnología avanzada. Combina funcionalidad y estilo para acompañarte en todas tus actividades.,Exclusivo,Femenino,6852dcdc42ef544cc771d503,Estuches,etiqueta_1,etiqueta_2,etiqueta_3,,,true,2025-04-16T23:36:17.000Z,6852dbf5c4a6f8d1a81074f6,0
6852ddc311304d6fc7c26f33,Case Phone Cute Pro 330,957d991b-0cf9-4548-bada-6569499d7f9a.jpg,case-phone-cute-pro-330,"Fabricado con los mejores materiales, ofrece comodidad y espacio. Su diseño único refleja tu personalidad.",Nuevo,Niñas,6852dcdc42ef544cc771d511,Accesorios para Celular,etiqueta_1,etiqueta_2,etiqueta_3,etiqueta_4,etiqueta_5,false,2025-04-17T02:40:17.000Z,6852dbf5c4a6f8d1a81074f6,0
6852ddc311304d6fc7c26f3a,Set Colección Sweet Lite 589,e23ad342-f995-4a06-b9d9-fef6bd89aba4.jpg,set-coleccion-sweet-lite-589,"Diseño ergonómico y resistente, ideal para uso diario. Con compartimentos organizados para satisfacer todas tus necesidades.",Edición Limitada,Niñas,6852dcdc42ef544cc771d515,Personajes,etiqueta_1,etiqueta_2,,,,false,2025-04-17T00:39:17.000Z,6852dbf5c4a6f8d1a81074f6,0
6852ddc311304d6fc7c26f40,Mochila Escolar Hero Max 366,e4b4d187-7005-4e83-8ef1-28933c244972.jpg,mochila-escolar-hero-max-366,Material duradero y tecnología avanzada. Combina funcionalidad y estilo para acompañarte en todas tus actividades.,Nuevo,Niños,6852dcdc42ef544cc771d500,Loncheras,etiqueta_1,,,,,true,2025-04-16T23:26:17.000Z,6852dbf5c4a6f8d1a81074f6,0
6852ddc311304d6fc7c26f47,Maleta Weekend Max 669,4baf5e39-a072-4c6e-8534-10a53cfbbef6.jpg,maleta-weekend-max-669,Elaborado con tecnología de punta y materiales sostenibles. Un producto que cuida de ti y del medio ambiente.,Nuevo,Masculino,6852dcdc42ef544cc771d4ff,Maletas de Viaje,etiqueta_1,etiqueta_2,etiqueta_3,etiqueta_4,etiqueta_5,true,2025-04-17T02:28:17.000Z,6852dbf5c4a6f8d1a81074f6,0
6852ddc311304d6fc7c26f4e,Case Phone Cute Lite 741,41c6584a-6687-42aa-bcdb-20925a935eb1.jpg,case-phone-cute-lite-741,Línea exclusiva con los más altos estándares de calidad. Un producto indispensable para tu día a día.,Edición Limitada,Niñas,6852dcdc42ef544cc771d511,Accesorios para Celular,etiqueta_1,etiqueta_2,,,,false,2025-04-16T23:50:17.000Z,6852dbf5c4a6f8d1a81074f6,0
6852ddc311304d6fc7c26f54,Case Phone Fashion Plus 118,f6514eca-aa16-4d0a-b937-9ebfd9986b5b.jpg,case-phone-fashion-plus-118,"Diseño ergonómico y resistente, ideal para uso diario. Con compartimentos organizados para satisfacer todas tus necesidades.",Oferta,Femenino,6852dcdc42ef544cc771d50f,Cargadores,etiqueta_1,etiqueta_2,,,,false,2025-04-17T02:34:17.000Z,6852dbf5c4a6f8d1a81074f6,0
6852ddc311304d6fc7c26f5a,Sandalias Summer Kid Lite 305,8e3d487b-d3ab-41ab-a4e8-5b1a34c73f6f.jpg,sandalias-summer-kid-lite-305,Diseño minimalista pero funcional. Perfecto para quienes buscan simplicidad sin renunciar al estilo.,Edición Limitada,Niñas,6852dcdc42ef544cc771d50d,Botas,etiqueta_1,etiqueta_2,etiqueta_3,etiqueta_4,,true,2025-04-17T02:55:17.000Z,6852dbf5c4a6f8d1a81074f6,0
6852ddc311304d6fc7c26f7d,Chaqueta Urban Lite 386,5a95efbe-0bd9-4b3b-99f8-00e4017d26a8.jpg,chaqueta-urban-lite-386,Funcionalidad excepcional con detalles prácticos. La opción ideal para quienes valoran la calidad y el diseño.,Exclusivo,Masculino,6852dcdc42ef544cc771d506,Ropa Interior,etiqueta_1,,,,,true,2025-04-17T00:19:17.000Z,6852dbf5c4a6f8d1a81074f6,0
6852ddc311304d6fc7c26f96,Pantalón Sweet Max 778,612edc6d-6cae-4402-99b2-4c518ea3c27e.jpg,pantalon-sweet-max-778,Funcionalidad excepcional con detalles prácticos. La opción ideal para quienes valoran la calidad y el diseño.,Exclusivo,Niñas,6852dcdc42ef544cc771d509,Sudaderas,etiqueta_1,etiqueta_2,etiqueta_3,etiqueta_4,,false,2025-04-16T23:21:17.000Z,6852dbf5c4a6f8d1a81074f6,0
6852ddc311304d6fc7c26fa0,Camiseta Logo Premium 947,0046425e-2b2d-44ac-9e13-6ce8a9898853.jpg,camiseta-logo-premium-947,Funcionalidad excepcional con detalles prácticos. La opción ideal para quienes valoran la calidad y el diseño.,Edición Limitada,Masculino,6852dcdc42ef544cc771d506,Gorras y Sombreros,etiqueta_1,etiqueta_2,etiqueta_3,etiqueta_4,,true,2025-04-17T02:57:17.000Z,6852dbf5c4a6f8d1a81074f6,0
6852ddc311304d6fc7c26fae,Powerbank 10000 2.0 525,100b4f01-b4b9-465c-a92f-4e83bd8f4b0b.jpg,powerbank-10000-2-0-525,Calidad premium y estilo contemporáneo. La combinación perfecta de practicidad y tendencia actual.,Destacado,Masculino,6852dcdc42ef544cc771d50e,Gadgets,etiqueta_1,etiqueta_2,,,,false,2025-04-16T23:18:17.000Z,6852dbf5c4a6f8d1a81074f6,0
6852ddc311304d6fc7c26fb7,Cargador Rápido Lite 471,680c5c83-846d-4a6f-9e05-9f1fdae6a2c1.jpg,cargador-rapido-lite-471,Línea exclusiva con los más altos estándares de calidad. Un producto indispensable para tu día a día.,Nuevo,Masculino,6852dcdc42ef544cc771d50e,Powerbanks,etiqueta_1,etiqueta_2,etiqueta_3,,,true,2025-04-17T03:03:17.000Z,6852dbf5c4a6f8d1a81074f6,0
6852ddc311304d6fc7c26fc0,Kit Edición Limitada Max 800,0004596c-f15c-44d7-ac4a-7be684b87d61.jpg,kit-edicion-limitada-max-800,Diseño minimalista pero funcional. Perfecto para quienes buscan simplicidad sin renunciar al estilo.,Destacado,Masculino,6852dcdc42ef544cc771d512,Colecciones Limitadas,etiqueta_1,,,,,true,2025-04-17T00:56:17.000Z,6852dbf5c4a6f8d1a81074f6,0
6852ddc311304d6fc7c26fc4,Tenis Jogging 2.0 308,20b51efa-4bba-4559-824c-d514bac70ae2.jpg,tenis-jogging-2-0-308,Innovación y diseño de vanguardia. Un producto que destaca por su durabilidad y detalles cuidadosamente seleccionados.,Destacado,Femenino,6852dcdc42ef544cc771d50b,Botas,etiqueta_1,etiqueta_2,etiqueta_3,etiqueta_4,etiqueta_5,true,2025-04-17T00:16:17.000Z,6852dbf5c4a6f8d1a81074f6,0
6852ddc311304d6fc7c26fdc,Portadocumentos Ejecutivo Plus 290,b030e0d3-66b8-43c1-b548-b358932ef2fd.jpg,portadocumentos-ejecutivo-plus-290,Diseño minimalista pero funcional. Perfecto para quienes buscan simplicidad sin renunciar al estilo.,Edición Limitada,Masculino,6852dcdc42ef544cc771d502,Estuches,etiqueta_1,etiqueta_2,etiqueta_3,etiqueta_4,,true,2025-04-17T00:09:17.000Z,6852dbf5c4a6f8d1a81074f6,0
6852ddc311304d6fc7c26fe4,Morral Universitario Plus 427,0e0060fc-da37-47bd-b271-45303cb48920.jpg,morral-universitario-plus-427,Material duradero y tecnología avanzada. Combina funcionalidad y estilo para acompañarte en todas tus actividades.,Destacado,Masculino,6852dcdc42ef544cc771d4fe,Maletas de Viaje,etiqueta_1,,,,,true,2025-04-17T01:54:17.000Z,6852dbf5c4a6f8d1a81074f6,0
6852ddc311304d6fc7c26fea,Botas Urban Plus 713,842a527b-f2ff-4fc6-97d7-053a178efdc0.jpg,botas-urban-plus-713,Innovación y diseño de vanguardia. Un producto que destaca por su durabilidad y detalles cuidadosamente seleccionados.,Oferta,Femenino,6852dcdc42ef544cc771d50b,Zapatillas Casual,etiqueta_1,etiqueta_2,etiqueta_3,etiqueta_4,etiqueta_5,true,2025-04-17T03:07:17.000Z,6852dbf5c4a6f8d1a81074f6,0
6852ddc311304d6fc7c27004,Zapatillas City Premium 629,298f9b2d-1054-4915-b7f7-79f7d5054d73.jpg,zapatillas-city-premium-629,"Diseño ergonómico y resistente, ideal para uso diario. Con compartimentos organizados para satisfacer todas tus necesidades.",Nuevo,Masculino,6852dcdc42ef544cc771d50a,Zapatillas Casual,etiqueta_1,etiqueta_2,etiqueta_3,etiqueta_4,,true,2025-04-17T01:50:17.000Z,6852dbf5c4a6f8d1a81074f6,0
6852ddc311304d6fc7c2700c,Mochila Explorer Plus 651,385c6b54-68e7-488b-94b7-01abeac7141e.jpg,mochila-explorer-plus-651,Línea exclusiva con los más altos estándares de calidad. Un producto indispensable para tu día a día.,Exclusivo,Masculino,6852dcdc42ef544cc771d4fe,Maletas de Viaje,etiqueta_1,,,,,true,2025-04-17T01:35:17.000Z,6852dbf5c4a6f8d1a81074f6,0
6852ddc311304d6fc7c27012,Estuche Triple Lite 447,abaea39d-44e6-4650-bf0c-7f2e15164af5.jpg,estuche-triple-lite-447,Línea exclusiva con los más altos estándares de calidad. Un producto indispensable para tu día a día.,Edición Limitada,Niños,6852dcdc42ef544cc771d504,Cartucheras,etiqueta_1,etiqueta_2,,,,true,2025-04-17T02:24:17.000Z,6852dbf5c4a6f8d1a81074f6,0
6852ddc311304d6fc7c2701a,Mochila Fashion Lite 141,bb6f3125-eb5a-4dbc-98cd-cab1d5a68891.jpg,mochila-fashion-lite-141,"Fabricado con los mejores materiales, ofrece comodidad y espacio. Su diseño único refleja tu personalidad.",Oferta,Masculino,6852dcdc42ef544cc771d4ff,Mochilas para Portátil,etiqueta_1,,,,,true,2025-04-17T02:17:17.000Z,6852dbf5c4a6f8d1a81074f6,0
6852ddc311304d6fc7c27025,Mochila Escolar Hero Plus 814,f98846de-6aaf-459f-94ff-3e9ac17373a1.jpg,mochila-escolar-hero-plus-814,Diseño minimalista pero funcional. Perfecto para quienes buscan simplicidad sin renunciar al estilo.,Edición Limitada,Niños,6852dcdc42ef544cc771d500,Loncheras,etiqueta_1,etiqueta_2,etiqueta_3,,,true,2025-04-17T00:53:17.000Z,6852dbf5c4a6f8d1a81074f6,0
6852ddc311304d6fc7c27029,Set Eco-friendly Plus 2.0 251,30062635-69ff-4f49-9f7e-3e674ab87bd7.jpg,set-eco-friendly-plus-2-0-251,Innovación y diseño de vanguardia. Un producto que destaca por su durabilidad y detalles cuidadosamente seleccionados.,Exclusivo,Femenino,6852dcdc42ef544cc771d513,Premium,etiqueta_1,etiqueta_2,,,,false,2025-04-17T00:53:17.000Z,6852dbf5c4a6f8d1a81074f6,0
6852ddc311304d6fc7c2702e,Camiseta Fun Lite 726,4cc90730-6ee2-487b-b09e-a75b92effc57.jpg,camiseta-fun-lite-726,Funcionalidad excepcional con detalles prácticos. La opción ideal para quienes valoran la calidad y el diseño.,Oferta,Niños,6852dcdc42ef544cc771d508,Pantalones,etiqueta_1,etiqueta_2,etiqueta_3,,,true,2025-04-17T02:05:17.000Z,6852dbf5c4a6f8d1a81074f6,0
6852ddc311304d6fc7c27041,Lonchera Unicorn Pro 829,613e2953-f274-48ad-9f7f-9eba008d4eca.jpg,lonchera-unicorn-pro-829,Calidad premium y estilo contemporáneo. La combinación perfecta de practicidad y tendencia actual.,Exclusivo,Niñas,6852dcdc42ef544cc771d501,Loncheras,etiqueta_1,etiqueta_2,,,,true,2025-04-17T01:36:17.000Z,6852dbf5c4a6f8d1a81074f6,0
6852ddc311304d6fc7c27048,Tenis Jogging Premium 548,2932fa86-e4c8-4dd7-8bae-c4f7c5b48c98.jpg,tenis-jogging-premium-548,Innovación y diseño de vanguardia. Un producto que destaca por su durabilidad y detalles cuidadosamente seleccionados.,Exclusivo,Femenino,6852dcdc42ef544cc771d50b,Zapatillas Deportivas,etiqueta_1,,,,,false,2025-04-17T00:00:17.000Z,6852dbf5c4a6f8d1a81074f6,0
6852ddc311304d6fc7c2704d,Set Colección Infantil Plus 455,e8fa2bda-ab4c-493e-9155-bac0f5c2194f.jpg,set-coleccion-infantil-plus-455,Calidad premium y estilo contemporáneo. La combinación perfecta de practicidad y tendencia actual.,Destacado,Niños,6852dcdc42ef544cc771d514,Colecciones Infantiles,etiqueta_1,,,,,true,2025-04-17T00:14:17.000Z,6852dbf5c4a6f8d1a81074f6,0
6852ddc311304d6fc7c27056,Bolso de Mano Evening Premium 833,9171c732-5b3e-47dd-a880-ae98b4bf8307.jpg,bolso-de-mano-evening-premium-833,Línea exclusiva con los más altos estándares de calidad. Un producto indispensable para tu día a día.,Exclusivo,Femenino,6852dcdc42ef544cc771d503,Estuches,etiqueta_1,etiqueta_2,etiqueta_3,etiqueta_4,etiqueta_5,true,2025-04-17T03:06:17.000Z,6852dbf5c4a6f8d1a81074f6,0
6852ddc311304d6fc7c2705e,Chaqueta Junior Plus 378,b128e4f7-8e9e-4459-b4cb-a90f5d478296.jpg,chaqueta-junior-plus-378,Elaborado con tecnología de punta y materiales sostenibles. Un producto que cuida de ti y del medio ambiente.,Edición Limitada,Niños,6852dcdc42ef544cc771d508,Gorras y Sombreros,etiqueta_1,,,,,false,2025-04-17T02:53:17.000Z,6852dbf5c4a6f8d1a81074f6,0
6852ddc311304d6fc7c2706d,Tenis Jogging 2.0 939,ab902362-3a85-48f4-9674-1ef73e64e4b6.jpg,tenis-jogging-2-0-939,Línea exclusiva con los más altos estándares de calidad. Un producto indispensable para tu día a día.,Oferta,Femenino,6852dcdc42ef544cc771d50b,Zapatillas Deportivas,etiqueta_1,etiqueta_2,etiqueta_3,etiqueta_4,etiqueta_5,true,2025-04-17T02:51:17.000Z,6852dbf5c4a6f8d1a81074f6,0
6852ddc311304d6fc7c27088,Estuche Triple Stars Premium 944,98d4bfaf-1fec-4193-8d22-1f9c0109ba2d.jpg,estuche-triple-stars-premium-944,Calidad premium y estilo contemporáneo. La combinación perfecta de practicidad y tendencia actual.,Nuevo,Niñas,6852dcdc42ef544cc771d505,Cartucheras,etiqueta_1,etiqueta_2,etiqueta_3,etiqueta_4,,true,2025-04-17T00:42:17.000Z,6852dbf5c4a6f8d1a81074f6,0
6852ddc311304d6fc7c27090,Cartuchera Dream Plus 579,716ecc7d-986c-4b98-bd7f-c93cb954e5d7.jpg,cartuchera-dream-plus-579,Material duradero y tecnología avanzada. Combina funcionalidad y estilo para acompañarte en todas tus actividades.,Destacado,Niñas,6852dcdc42ef544cc771d505,Loncheras,etiqueta_1,,,,,true,2025-04-17T02:15:17.000Z,6852dbf5c4a6f8d1a81074f6,0
6852ddc311304d6fc7c2709b,Pantalón Play Plus 387,585cbe8c-6834-4763-a699-220fea7212f7.jpg,pantalon-play-plus-387,Material duradero y tecnología avanzada. Combina funcionalidad y estilo para acompañarte en todas tus actividades.,Destacado,Niños,6852dcdc42ef544cc771d508,Chaquetas,etiqueta_1,etiqueta_2,etiqueta_3,etiqueta_4,etiqueta_5,false,2025-04-17T00:33:17.000Z,6852dbf5c4a6f8d1a81074f6,0
6852ddc311304d6fc7c270a3,Case Phone Cute Max 359,41bb39e9-9222-4d77-a059-0a53a2cb2d21.jpg,case-phone-cute-max-359,Innovación y diseño de vanguardia. Un producto que destaca por su durabilidad y detalles cuidadosamente seleccionados.,Nuevo,Niñas,6852dcdc42ef544cc771d511,Gadgets Infantiles,etiqueta_1,etiqueta_2,etiqueta_3,,,false,2025-04-16T23:37:17.000Z,6852dbf5c4a6f8d1a81074f6,0
6852ddc311304d6fc7c270ab,Morral Elegance Lite 598,97d996a2-1e54-4756-99d5-364e70037462.jpg,morral-elegance-lite-598,Diseño minimalista pero funcional. Perfecto para quienes buscan simplicidad sin renunciar al estilo.,Exclusivo,Masculino,6852dcdc42ef544cc771d4ff,Maletas de Viaje,etiqueta_1,,,,,true,2025-04-17T00:36:17.000Z,6852dbf5c4a6f8d1a81074f6,0
6852ddc311304d6fc7c270b1,Sudadera Comfort Lite 497,3058d0d3-c617-4d6a-b160-3fe7ba5eb429.jpg,sudadera-comfort-lite-497,Línea exclusiva con los más altos estándares de calidad. Un producto indispensable para tu día a día.,Destacado,Femenino,6852dcdc42ef544cc771d507,Ropa Deportiva,etiqueta_1,etiqueta_2,etiqueta_3,etiqueta_4,,false,2025-04-17T02:25:17.000Z,6852dbf5c4a6f8d1a81074f6,0
6852ddc311304d6fc7c270ba,Chaqueta Junior Girl Pro 372,9762315a-f927-47ac-acaa-b239278639c6.jpg,chaqueta-junior-girl-pro-372,Calidad premium y estilo contemporáneo. La combinación perfecta de practicidad y tendencia actual.,Destacado,Niñas,6852dcdc42ef544cc771d509,Gorras y Sombreros,etiqueta_1,etiqueta_2,,,,true,2025-04-16T23:16:17.000Z,6852dbf5c4a6f8d1a81074f6,0
6852ddc311304d6fc7c270be,Bolso de Mano Evening Pro 319,8c89f708-8276-4c46-89cc-1f72da70a1e6.jpg,bolso-de-mano-evening-pro-319,Funcionalidad excepcional con detalles prácticos. La opción ideal para quienes valoran la calidad y el diseño.,Exclusivo,Femenino,6852dcdc42ef544cc771d503,Neceseres,etiqueta_1,etiqueta_2,etiqueta_3,etiqueta_4,,true,2025-04-17T01:04:17.000Z,6852dbf5c4a6f8d1a81074f6,0
6852ddc311304d6fc7c270c5,Sudadera College Premium 880,8570847c-71fa-4543-84cb-c8b0f1843f02.jpg,sudadera-college-premium-880,Diseño minimalista pero funcional. Perfecto para quienes buscan simplicidad sin renunciar al estilo.,Edición Limitada,Masculino,6852dcdc42ef544cc771d506,Ropa Deportiva,etiqueta_1,etiqueta_2,etiqueta_3,etiqueta_4,,true,2025-04-16T23:13:17.000Z,6852dbf5c4a6f8d1a81074f6,0
6852ddc311304d6fc7c270d2,Set Colección Sweet 2.0 120,5c561452-78cd-450a-8e62-44cc647d2df1.jpg,set-coleccion-sweet-2-0-120,Línea exclusiva con los más altos estándares de calidad. Un producto indispensable para tu día a día.,Edición Limitada,Niñas,6852dcdc42ef544cc771d515,Personajes,etiqueta_1,etiqueta_2,etiqueta_3,etiqueta_4,etiqueta_5,false,2025-04-17T02:12:17.000Z,6852dbf5c4a6f8d1a81074f6,0
6852ddc311304d6fc7c270d7,Botas Urban 2.0 925,c2c58c37-8286-4b3a-b68a-095b045abcb9.jpg,botas-urban-2-0-925,Funcionalidad excepcional con detalles prácticos. La opción ideal para quienes valoran la calidad y el diseño.,Destacado,Femenino,6852dcdc42ef544cc771d50b,Zapatillas Deportivas,etiqueta_1,etiqueta_2,etiqueta_3,etiqueta_4,etiqueta_5,false,2025-04-17T00:10:17.000Z,6852dbf5c4a6f8d1a81074f6,0
6852ddc311304d6fc7c270e2,Botas Explorer Plus 228,1b0050b7-7aad-4fe4-9898-9c9eba1e6b36.jpg,botas-explorer-plus-228,Línea exclusiva con los más altos estándares de calidad. Un producto indispensable para tu día a día.,Oferta,Masculino,6852dcdc42ef544cc771d50a,Zapatillas Casual,etiqueta_1,etiqueta_2,etiqueta_3,etiqueta_4,,true,2025-04-17T02:43:17.000Z,6852dbf5c4a6f8d1a81074f6,0
6852ddc311304d6fc7c270fe,Mochila Explorer Plus 439,3e09c031-83ff-47bb-97e7-b361c3e09884.jpg,mochila-explorer-plus-439,Material duradero y tecnología avanzada. Combina funcionalidad y estilo para acompañarte en todas tus actividades.,Oferta,Masculino,6852dcdc42ef544cc771d4fe,Mochilas Escolares,etiqueta_1,etiqueta_2,etiqueta_3,etiqueta_4,etiqueta_5,true,2025-04-16T23:36:17.000Z,6852dbf5c4a6f8d1a81074f6,0
6852ddc311304d6fc7c27107,Mochila Urbana Plus 381,229d8e7b-878d-4ff7-9982-70e60237f0df.jpg,mochila-urbana-plus-381,Calidad premium y estilo contemporáneo. La combinación perfecta de practicidad y tendencia actual.,Oferta,Masculino,6852dcdc42ef544cc771d4fe,Mochilas Urbanas,etiqueta_1,etiqueta_2,,,,false,2025-04-16T23:35:17.000Z,6852dbf5c4a6f8d1a81074f6,0
6852ddc311304d6fc7c27110,Sudadera College Max 190,7df50863-ec32-4758-bade-ea330f449367.jpg,sudadera-college-max-190,"Diseño ergonómico y resistente, ideal para uso diario. Con compartimentos organizados para satisfacer todas tus necesidades.",Oferta,Masculino,6852dcdc42ef544cc771d506,Ropa Interior,etiqueta_1,,,,,true,2025-04-17T01:55:17.000Z,6852dbf5c4a6f8d1a81074f6,0
6852ddc311304d6fc7c27121,Kit Edición Limitada Plus 449,93f308cb-0a98-4e32-b78e-637b4767ea5c.jpg,kit-edicion-limitada-plus-449,Funcionalidad excepcional con detalles prácticos. La opción ideal para quienes valoran la calidad y el diseño.,Destacado,Masculino,6852dcdc42ef544cc771d512,Eco-friendly,etiqueta_1,etiqueta_2,etiqueta_3,,,true,2025-04-17T03:05:17.000Z,6852dbf5c4a6f8d1a81074f6,0
6852ddc311304d6fc7c27127,Estuche Triple Stars Plus 328,6840917b-561b-4593-9394-10cf0d57a0ce.jpg,estuche-triple-stars-plus-328,"Diseño ergonómico y resistente, ideal para uso diario. Con compartimentos organizados para satisfacer todas tus necesidades.",Nuevo,Niñas,6852dcdc42ef544cc771d505,Cartucheras,etiqueta_1,etiqueta_2,,,,true,2025-04-17T01:23:17.000Z,6852dbf5c4a6f8d1a81074f6,0
6852ddc311304d6fc7c2712c,Mochila Personajes Lite 425,e8c54983-7bf6-4b07-9ae2-5466881da4f9.jpg,mochila-personajes-lite-425,"Diseño ergonómico y resistente, ideal para uso diario. Con compartimentos organizados para satisfacer todas tus necesidades.",Nuevo,Niños,6852dcdc42ef544cc771d514,Personajes,etiqueta_1,etiqueta_2,etiqueta_3,etiqueta_4,etiqueta_5,false,2025-04-17T00:08:17.000Z,6852dbf5c4a6f8d1a81074f6,0
6852ddc311304d6fc7c27135,Cartuchera Dream Max 859,0c0bf615-fb1e-4bdf-bef4-4b567fa2c319.jpg,cartuchera-dream-max-859,"Diseño ergonómico y resistente, ideal para uso diario. Con compartimentos organizados para satisfacer todas tus necesidades.",Nuevo,Niñas,6852dcdc42ef544cc771d505,Cartucheras,etiqueta_1,,,,,true,2025-04-17T01:48:17.000Z,6852dbf5c4a6f8d1a81074f6,0
6852ddc311304d6fc7c2713b,Neceser Voyage Lite 906,049cfc11-82a0-4c70-8dfc-44461c62b3c9.jpg,neceser-voyage-lite-906,Calidad premium y estilo contemporáneo. La combinación perfecta de practicidad y tendencia actual.,Nuevo,Masculino,6852dcdc42ef544cc771d502,Portadocumentos,etiqueta_1,etiqueta_2,etiqueta_3,etiqueta_4,etiqueta_5,false,2025-04-16T23:19:17.000Z,6852dbf5c4a6f8d1a81074f6,0
6852ddc311304d6fc7c27143,Mochila Fashion Pro 162,b6fc0e06-88e5-437a-895e-bd794faed1ae.jpg,mochila-fashion-pro-162,Línea exclusiva con los más altos estándares de calidad. Un producto indispensable para tu día a día.,Exclusivo,Masculino,6852dcdc42ef544cc771d4ff,Mochilas para Portátil,etiqueta_1,,,,,true,2025-04-17T02:07:17.000Z,6852dbf5c4a6f8d1a81074f6,0
6852ddc311304d6fc7c27146,Audífonos Kid Pro 662,fa84d834-9d88-4b41-84f6-7c773db0155f.jpg,audifonos-kid-pro-662,Calidad premium y estilo contemporáneo. La combinación perfecta de practicidad y tendencia actual.,Exclusivo,Niños,6852dcdc42ef544cc771d510,Accesorios para Celular,etiqueta_1,etiqueta_2,,,,true,2025-04-16T23:37:17.000Z,6852dbf5c4a6f8d1a81074f6,0
6852ddc311304d6fc7c2714f,Tenis Sport Kid 2.0 495,3ba1e6b4-17eb-4245-9a19-99cb3afcd1d4.jpg,tenis-sport-kid-2-0-495,"Diseño ergonómico y resistente, ideal para uso diario. Con compartimentos organizados para satisfacer todas tus necesidades.",Nuevo,Niños,6852dcdc42ef544cc771d50c,Zapatillas Deportivas,etiqueta_1,,,,,false,2025-04-17T00:27:17.000Z,6852dbf5c4a6f8d1a81074f6,0
6852ddc311304d6fc7c2715c,Mochila Personajes Girl Lite 175,2828fe61-01f1-41c5-89da-45fdd1a700f8.jpg,mochila-personajes-girl-lite-175,Innovación y diseño de vanguardia. Un producto que destaca por su durabilidad y detalles cuidadosamente seleccionados.,Oferta,Niñas,6852dcdc42ef544cc771d515,Personajes,etiqueta_1,etiqueta_2,etiqueta_3,etiqueta_4,,true,2025-04-16T23:44:17.000Z,6852dbf5c4a6f8d1a81074f6,0
6852ddc311304d6fc7c27162,Sandalias Fun Pro 135,9429a22d-a807-402e-90ab-20b2811a9661.jpg,sandalias-fun-pro-135,Innovación y diseño de vanguardia. Un producto que destaca por su durabilidad y detalles cuidadosamente seleccionados.,Edición Limitada,Niños,6852dcdc42ef544cc771d50c,Sandalias,etiqueta_1,etiqueta_2,etiqueta_3,,,true,2025-04-17T01:58:17.000Z,6852dbf5c4a6f8d1a81074f6,0
6852ddc311304d6fc7c2716a,Estuche Triple Plus 234,99bb962c-c750-4b05-b1bd-b4dd9494836b.jpg,estuche-triple-plus-234,Elaborado con tecnología de punta y materiales sostenibles. Un producto que cuida de ti y del medio ambiente.,Oferta,Niños,6852dcdc42ef544cc771d504,Cartucheras,etiqueta_1,etiqueta_2,etiqueta_3,etiqueta_4,etiqueta_5,true,2025-04-17T02:19:17.000Z,6852dbf5c4a6f8d1a81074f6,0
6852ddc311304d6fc7c27172,Set Eco-friendly Plus 2.0 600,f6252a67-bb8a-40d6-b328-a48efdced537.jpg,set-eco-friendly-plus-2-0-600,Funcionalidad excepcional con detalles prácticos. La opción ideal para quienes valoran la calidad y el diseño.,Destacado,Femenino,6852dcdc42ef544cc771d513,Eco-friendly,etiqueta_1,,,,,true,2025-04-17T02:39:17.000Z,6852dbf5c4a6f8d1a81074f6,0
6852ddc311304d6fc7c27178,Neceser Beauty Max 738,806161b4-1df8-41ab-a282-313db2166c8a.jpg,neceser-beauty-max-738,"Fabricado con los mejores materiales, ofrece comodidad y espacio. Su diseño único refleja tu personalidad.",Nuevo,Femenino,6852dcdc42ef544cc771d503,Neceseres,etiqueta_1,etiqueta_2,etiqueta_3,etiqueta_4,,true,2025-04-17T02:43:17.000Z,6852dbf5c4a6f8d1a81074f6,0
6852ddc311304d6fc7c2717d,Pantalón Sweet Premium 822,ec3adde4-2f5a-446a-98ae-9f91aa291932.jpg,pantalon-sweet-premium-822,Calidad premium y estilo contemporáneo. La combinación perfecta de practicidad y tendencia actual.,Oferta,Niñas,6852dcdc42ef544cc771d509,Pantalones,etiqueta_1,etiqueta_2,etiqueta_3,etiqueta_4,etiqueta_5,false,2025-04-16T23:57:17.000Z,6852dbf5c4a6f8d1a81074f6,0
6852ddc311304d6fc7c27186,Lonchera Space Max 594,0e603da9-6690-4e3a-9244-6f90c19687fd.jpg,lonchera-space-max-594,"Diseño ergonómico y resistente, ideal para uso diario. Con compartimentos organizados para satisfacer todas tus necesidades.",Destacado,Niños,6852dcdc42ef544cc771d500,Mochilas para Niños,etiqueta_1,etiqueta_2,etiqueta_3,etiqueta_4,etiqueta_5,true,2025-04-17T01:57:17.000Z,6852dbf5c4a6f8d1a81074f6,0
6852ddc311304d6fc7c2718d,Zapatillas Junior Pro 564,5a121acf-45f0-4abd-860a-7b0d1637e345.jpg,zapatillas-junior-pro-564,Innovación y diseño de vanguardia. Un producto que destaca por su durabilidad y detalles cuidadosamente seleccionados.,Nuevo,Niños,6852dcdc42ef544cc771d50c,Zapatillas Deportivas,etiqueta_1,etiqueta_2,etiqueta_3,etiqueta_4,,false,2025-04-17T01:54:17.000Z,6852dbf5c4a6f8d1a81074f6,0
6852ddc311304d6fc7c27198,Maleta Viajera Pro 812,1870c6c8-be3a-456e-a16f-4eafc878dcad.jpg,maleta-viajera-pro-812,Funcionalidad excepcional con detalles prácticos. La opción ideal para quienes valoran la calidad y el diseño.,Nuevo,Masculino,6852dcdc42ef544cc771d4fe,Mochilas Urbanas,etiqueta_1,etiqueta_2,etiqueta_3,,,false,2025-04-17T02:46:17.000Z,6852dbf5c4a6f8d1a81074f6,0
6852ddc311304d6fc7c2719d,Case Phone Premium 371,5597cfb3-a0a2-46d9-97f6-4dbf5235b836.jpg,case-phone-premium-371,Material duradero y tecnología avanzada. Combina funcionalidad y estilo para acompañarte en todas tus actividades.,Oferta,Masculino,6852dcdc42ef544cc771d50e,Gadgets,etiqueta_1,etiqueta_2,etiqueta_3,etiqueta_4,,true,2025-04-16T23:30:17.000Z,6852dbf5c4a6f8d1a81074f6,0
6852ddc311304d6fc7c271a1,Mochila Escolar Hero Max 513,7e94a4eb-76c3-4f90-924c-9e558148cbda.jpg,mochila-escolar-hero-max-513,Funcionalidad excepcional con detalles prácticos. La opción ideal para quienes valoran la calidad y el diseño.,Destacado,Niños,6852dcdc42ef544cc771d500,Mochilas Escolares,etiqueta_1,etiqueta_2,etiqueta_3,etiqueta_4,etiqueta_5,false,2025-04-17T00:16:17.000Z,6852dbf5c4a6f8d1a81074f6,0
6852ddc311304d6fc7c271a9,Mochila Personajes Girl Lite 298,92a4ef40-bb3e-46e2-85f8-b9c17b2dd773.jpg,mochila-personajes-girl-lite-298,Elaborado con tecnología de punta y materiales sostenibles. Un producto que cuida de ti y del medio ambiente.,Edición Limitada,Niñas,6852dcdc42ef544cc771d515,Colecciones Infantiles,etiqueta_1,etiqueta_2,,,,false,2025-04-17T02:17:17.000Z,6852dbf5c4a6f8d1a81074f6,0
6852ddc311304d6fc7c271b0,Chaqueta City Max 147,a7af2c2e-05c7-4337-bccf-7b945792dfcd.jpg,chaqueta-city-max-147,Material duradero y tecnología avanzada. Combina funcionalidad y estilo para acompañarte en todas tus actividades.,Oferta,Femenino,6852dcdc42ef544cc771d507,Pantalones,etiqueta_1,etiqueta_2,,,,false,2025-04-17T00:36:17.000Z,6852dbf5c4a6f8d1a81074f6,0
6852ddc311304d6fc7c271be,Zapatillas Junior Lite 979,ed534e98-74f0-41c6-8bcc-9e1bac2e6cec.jpg,zapatillas-junior-lite-979,Funcionalidad excepcional con detalles prácticos. La opción ideal para quienes valoran la calidad y el diseño.,Nuevo,Niños,6852dcdc42ef544cc771d50c,Zapatillas Deportivas,etiqueta_1,,,,,false,2025-04-17T02:06:17.000Z,6852dbf5c4a6f8d1a81074f6,0
6852ddc311304d6fc7c271d8,Billetera Classic Max 702,62185fe5-32f3-4c55-87a1-d278ea61cbdf.jpg,billetera-classic-max-702,Diseño minimalista pero funcional. Perfecto para quienes buscan simplicidad sin renunciar al estilo.,Nuevo,Masculino,6852dcdc42ef544cc771d502,Estuches,etiqueta_1,,,,,true,2025-04-17T00:56:17.000Z,6852dbf5c4a6f8d1a81074f6,0
6852ddc311304d6fc7c271de,Neceser Voyage Pro 908,c9b1f52f-2c74-4b52-b6cd-eca6a03182c9.jpg,neceser-voyage-pro-908,Innovación y diseño de vanguardia. Un producto que destaca por su durabilidad y detalles cuidadosamente seleccionados.,Exclusivo,Masculino,6852dcdc42ef544cc771d502,Billeteras,etiqueta_1,,,,,false,2025-04-17T00:48:17.000Z,6852dbf5c4a6f8d1a81074f6,0
6852ddc311304d6fc7c271e2,Audífonos Girl Max 151,db242644-22ed-41ad-bb4b-a860ddb758cd.jpg,audifonos-girl-max-151,Línea exclusiva con los más altos estándares de calidad. Un producto indispensable para tu día a día.,Oferta,Niñas,6852dcdc42ef544cc771d511,Accesorios para Celular,etiqueta_1,etiqueta_2,etiqueta_3,,,true,2025-04-17T00:40:17.000Z,6852dbf5c4a6f8d1a81074f6,0
6852ddc311304d6fc7c271e6,Mochila Premium Pro 326,2eaeea5e-833d-4b48-b8ff-98f4f96b65de.jpg,mochila-premium-pro-326,Diseño minimalista pero funcional. Perfecto para quienes buscan simplicidad sin renunciar al estilo.,Oferta,Masculino,6852dcdc42ef544cc771d512,Eco-friendly,etiqueta_1,etiqueta_2,etiqueta_3,etiqueta_4,,true,2025-04-17T01:03:17.000Z,6852dbf5c4a6f8d1a81074f6,0
6852ddc311304d6fc7c271ef,Mochila Escolar Princess 2.0 337,d03998cc-57cf-484c-b7fe-daa8c7ed584c.jpg,mochila-escolar-princess-2-0-337,Innovación y diseño de vanguardia. Un producto que destaca por su durabilidad y detalles cuidadosamente seleccionados.,Edición Limitada,Niñas,6852dcdc42ef544cc771d501,Loncheras,etiqueta_1,etiqueta_2,etiqueta_3,,,true,2025-04-17T00:30:17.000Z,6852dbf5c4a6f8d1a81074f6,0
6852ddc311304d6fc7c271f6,Mochila Junior Pink Lite 525,5f1b5441-a028-4478-8c13-683565b07969.jpg,mochila-junior-pink-lite-525,Material duradero y tecnología avanzada. Combina funcionalidad y estilo para acompañarte en todas tus actividades.,Oferta,Niñas,6852dcdc42ef544cc771d501,Loncheras,etiqueta_1,,,,,true,2025-04-17T03:02:17.000Z,6852dbf5c4a6f8d1a81074f6,0
6852ddc311304d6fc7c271fe,Zapatillas City Fit Plus 503,a0d5920d-0ce4-40ab-ac69-7398684bd721.jpg,zapatillas-city-fit-plus-503,Calidad premium y estilo contemporáneo. La combinación perfecta de practicidad y tendencia actual.,Oferta,Femenino,6852dcdc42ef544cc771d50b,Zapatillas Deportivas,etiqueta_1,etiqueta_2,,,,true,2025-04-17T02:31:17.000Z,6852dbf5c4a6f8d1a81074f6,0
6852ddc311304d6fc7c27217,Camiseta Princess Lite 287,520821c3-7da1-4b62-89f2-a9dec0ffe9d7.jpg,camiseta-princess-lite-287,Innovación y diseño de vanguardia. Un producto que destaca por su durabilidad y detalles cuidadosamente seleccionados.,Edición Limitada,Niñas,6852dcdc42ef544cc771d509,Chaquetas,etiqueta_1,,,,,true,2025-04-17T01:11:17.000Z,6852dbf5c4a6f8d1a81074f6,0
6852ddc311304d6fc7c2721d,Lonchera Hero Pro 660,6eb74199-2e06-4dfe-9fc9-37a0ab44eb15.jpg,lonchera-hero-pro-660,Calidad premium y estilo contemporáneo. La combinación perfecta de practicidad y tendencia actual.,Nuevo,Niños,6852dcdc42ef544cc771d504,Cartucheras,etiqueta_1,etiqueta_2,,,,true,2025-04-17T00:52:17.000Z,6852dbf5c4a6f8d1a81074f6,0
6852ddc311304d6fc7c27226,Cartuchera Adventure Lite 746,be0cbce4-53b1-4eaf-a914-4a7035728f54.jpg,cartuchera-adventure-lite-746,"Fabricado con los mejores materiales, ofrece comodidad y espacio. Su diseño único refleja tu personalidad.",Edición Limitada,Niños,6852dcdc42ef544cc771d504,Cartucheras,etiqueta_1,etiqueta_2,,,,false,2025-04-16T23:24:17.000Z,6852dbf5c4a6f8d1a81074f6,0
6852ddc311304d6fc7c2722b,Estuche Triple Stars Lite 197,4ee1517e-ec0a-4715-9e7b-0ec656c4d5e3.jpg,estuche-triple-stars-lite-197,Elaborado con tecnología de punta y materiales sostenibles. Un producto que cuida de ti y del medio ambiente.,Oferta,Niñas,6852dcdc42ef544cc771d505,Estuches,etiqueta_1,etiqueta_2,etiqueta_3,etiqueta_4,,true,2025-04-17T03:01:17.000Z,6852dbf5c4a6f8d1a81074f6,0
6852ddc311304d6fc7c27232,Sandalias Beach Plus 894,43b33fd7-c1a8-4bfc-826f-07607a2f45cb.jpg,sandalias-beach-plus-894,Innovación y diseño de vanguardia. Un producto que destaca por su durabilidad y detalles cuidadosamente seleccionados.,Oferta,Masculino,6852dcdc42ef544cc771d50a,Zapatillas Deportivas,etiqueta_1,etiqueta_2,etiqueta_3,etiqueta_4,etiqueta_5,true,2025-04-17T00:58:17.000Z,6852dbf5c4a6f8d1a81074f6,0
6852ddc311304d6fc7c27249,Set Colección Infantil Pro 337,fb474487-07ab-473d-beb5-313eebd429be.jpg,set-coleccion-infantil-pro-337,Diseño minimalista pero funcional. Perfecto para quienes buscan simplicidad sin renunciar al estilo.,Edición Limitada,Niños,6852dcdc42ef544cc771d514,Colecciones Infantiles,etiqueta_1,etiqueta_2,etiqueta_3,etiqueta_4,,true,2025-04-16T23:51:17.000Z,6852dbf5c4a6f8d1a81074f6,0
6852ddc311304d6fc7c2724e,Tenis Sport Kid Pro 332,77ae9146-8922-496b-ba26-e73b0478b946.jpg,tenis-sport-kid-pro-332,Innovación y diseño de vanguardia. Un producto que destaca por su durabilidad y detalles cuidadosamente seleccionados.,Destacado,Niños,6852dcdc42ef544cc771d50c,Botas,etiqueta_1,etiqueta_2,etiqueta_3,etiqueta_4,etiqueta_5,true,2025-04-17T00:05:17.000Z,6852dbf5c4a6f8d1a81074f6,0
6852ddc311304d6fc7c27253,Pantalón Play Premium 978,686de573-ea88-4bd5-abbc-aec8547c886f.jpg,pantalon-play-premium-978,Elaborado con tecnología de punta y materiales sostenibles. Un producto que cuida de ti y del medio ambiente.,Exclusivo,Niños,6852dcdc42ef544cc771d508,Chaquetas,etiqueta_1,etiqueta_2,etiqueta_3,etiqueta_4,etiqueta_5,true,2025-04-17T02:55:17.000Z,6852dbf5c4a6f8d1a81074f6,0
6852ddc311304d6fc7c27268,Billetera Slim Max 783,51c0481a-fda2-4086-aab8-faefe659e608.jpg,billetera-slim-max-783,Material duradero y tecnología avanzada. Combina funcionalidad y estilo para acompañarte en todas tus actividades.,Oferta,Femenino,6852dcdc42ef544cc771d503,Bolsos de Mano,etiqueta_1,etiqueta_2,etiqueta_3,etiqueta_4,etiqueta_5,false,2025-04-17T00:23:17.000Z,6852dbf5c4a6f8d1a81074f6,0
6852ddc311304d6fc7c27270,Zapatillas Sweet Max 398,5aa14446-9be4-4e9a-8fab-16131774b969.jpg,zapatillas-sweet-max-398,Innovación y diseño de vanguardia. Un producto que destaca por su durabilidad y detalles cuidadosamente seleccionados.,Exclusivo,Niñas,6852dcdc42ef544cc771d50d,Botas,etiqueta_1,etiqueta_2,etiqueta_3,etiqueta_4,etiqueta_5,true,2025-04-17T02:49:17.000Z,6852dbf5c4a6f8d1a81074f6,0
6852ddc311304d6fc7c2727d,Maleta Viajera 2.0 651,e009b052-3914-4250-9608-43372cc8cc5b.jpg,maleta-viajera-2-0-651,Material duradero y tecnología avanzada. Combina funcionalidad y estilo para acompañarte en todas tus actividades.,Edición Limitada,Masculino,6852dcdc42ef544cc771d4fe,Mochilas Urbanas,etiqueta_1,,,,,true,2025-04-17T02:34:17.000Z,6852dbf5c4a6f8d1a81074f6,0
6852ddc311304d6fc7c27283,Tenis Sport Kid Premium 820,8edb6472-d85b-484b-9659-19b36ebebdbf.jpg,tenis-sport-kid-premium-820,Línea exclusiva con los más altos estándares de calidad. Un producto indispensable para tu día a día.,Exclusivo,Niños,6852dcdc42ef544cc771d50c,Zapatillas Deportivas,etiqueta_1,etiqueta_2,etiqueta_3,,,true,2025-04-17T01:32:17.000Z,6852dbf5c4a6f8d1a81074f6,0
6852ddc311304d6fc7c272a7,Sandalias Summer Kid Lite 336,529e560d-17fd-4111-8d8e-a6f500ed425b.jpg,sandalias-summer-kid-lite-336,"Fabricado con los mejores materiales, ofrece comodidad y espacio. Su diseño único refleja tu personalidad.",Destacado,Niñas,6852dcdc42ef544cc771d50d,Botas,etiqueta_1,,,,,false,2025-04-16T23:20:17.000Z,6852dbf5c4a6f8d1a81074f6,0
6852ddc311304d6fc7c272cc,Morral Universitario 2.0 360,d62e8e91-e774-46e7-babd-a865597e81cb.jpg,morral-universitario-2-0-360,Funcionalidad excepcional con detalles prácticos. La opción ideal para quienes valoran la calidad y el diseño.,Oferta,Masculino,6852dcdc42ef544cc771d4fe,Bolsos Deportivos,etiqueta_1,etiqueta_2,etiqueta_3,etiqueta_4,etiqueta_5,false,2025-04-17T02:50:17.000Z,6852dbf5c4a6f8d1a81074f6,0
6852ddc311304d6fc7c272d6,Pantalón Slim Max 547,eafc6f56-7b24-493e-9181-d42c9a1e60c0.jpg,pantalon-slim-max-547,"Fabricado con los mejores materiales, ofrece comodidad y espacio. Su diseño único refleja tu personalidad.",Nuevo,Femenino,6852dcdc42ef544cc771d507,Gorras y Sombreros,etiqueta_1,,,,,true,2025-04-17T00:43:17.000Z,6852dbf5c4a6f8d1a81074f6,0
6852ddc311304d6fc7c272e7,Cargador Color 2.0 821,eb44de3b-b0a5-4ff6-a561-35b9d6057466.jpg,cargador-color-2-0-821,Material duradero y tecnología avanzada. Combina funcionalidad y estilo para acompañarte en todas tus actividades.,Exclusivo,Femenino,6852dcdc42ef544cc771d50f,Powerbanks,etiqueta_1,etiqueta_2,,,,false,2025-04-17T02:22:17.000Z,6852dbf5c4a6f8d1a81074f6,0
6852ddc311304d6fc7c272ef,Billetera Slim 2.0 959,4cebaaca-2901-47c1-abcf-ad299c22ba03.jpg,billetera-slim-2-0-959,Funcionalidad excepcional con detalles prácticos. La opción ideal para quienes valoran la calidad y el diseño.,Nuevo,Femenino,6852dcdc42ef544cc771d503,Estuches,etiqueta_1,etiqueta_2,,,,true,2025-04-17T03:13:17.000Z,6852dbf5c4a6f8d1a81074f6,0
6852ddc311304d6fc7c272f5,Set Colección Sweet Lite 676,fca73227-692d-431d-acdd-aa3a54bb5074.jpg,set-coleccion-sweet-lite-676,"Fabricado con los mejores materiales, ofrece comodidad y espacio. Su diseño único refleja tu personalidad.",Destacado,Niñas,6852dcdc42ef544cc771d515,Personajes,etiqueta_1,etiqueta_2,etiqueta_3,,,false,2025-04-17T01:20:17.000Z,6852dbf5c4a6f8d1a81074f6,0
6852ddc311304d6fc7c272fc,Gadget Junior Premium 559,87df888d-d598-4fd7-b403-68cfa0b16f40.jpg,gadget-junior-premium-559,Innovación y diseño de vanguardia. Un producto que destaca por su durabilidad y detalles cuidadosamente seleccionados.,Destacado,Niños,6852dcdc42ef544cc771d510,Gadgets Infantiles,etiqueta_1,etiqueta_2,etiqueta_3,,,true,2025-04-17T01:00:17.000Z,6852dbf5c4a6f8d1a81074f6,0
6852ddc311304d6fc7c27305,Kit Edición Limitada Fashion Max 955,7957c0a7-ace1-4407-987c-7cddccfa9a6d.jpg,kit-edicion-limitada-fashion-max-955,Elaborado con tecnología de punta y materiales sostenibles. Un producto que cuida de ti y del medio ambiente.,Edición Limitada,Femenino,6852dcdc42ef544cc771d513,Eco-friendly,etiqueta_1,etiqueta_2,etiqueta_3,,,true,2025-04-17T01:49:17.000Z,6852dbf5c4a6f8d1a81074f6,0
6852ddc311304d6fc7c2730c,Set Eco-friendly Lite 865,8bd090f9-3717-4673-a0c8-ed79266c96f2.jpg,set-eco-friendly-lite-865,Innovación y diseño de vanguardia. Un producto que destaca por su durabilidad y detalles cuidadosamente seleccionados.,Edición Limitada,Masculino,6852dcdc42ef544cc771d512,Colecciones Limitadas,etiqueta_1,etiqueta_2,etiqueta_3,,,false,2025-04-17T02:18:17.000Z,6852dbf5c4a6f8d1a81074f6,0
6852ddc311304d6fc7c27314,Cargador Color Lite 199,b1c38440-3f02-449f-a428-0f6d17fe8bc0.jpg,cargador-color-lite-199,Funcionalidad excepcional con detalles prácticos. La opción ideal para quienes valoran la calidad y el diseño.,Edición Limitada,Femenino,6852dcdc42ef544cc771d50f,Cargadores,etiqueta_1,,,,,true,2025-04-17T01:04:17.000Z,6852dbf5c4a6f8d1a81074f6,0
6852ddc311304d6fc7c2731d,Mochila Urbana Premium 342,4504d72c-4109-41e7-b3ef-a0aaba2d34db.jpg,mochila-urbana-premium-342,Calidad premium y estilo contemporáneo. La combinación perfecta de practicidad y tendencia actual.,Destacado,Masculino,6852dcdc42ef544cc771d4fe,Bolsos Deportivos,etiqueta_1,etiqueta_2,etiqueta_3,etiqueta_4,,true,2025-04-17T01:17:17.000Z,6852dbf5c4a6f8d1a81074f6,0
6852ddc311304d6fc7c27320,Pantalón Play Pro 382,f88ac596-d741-4848-b461-8e8687df6f3b.jpg,pantalon-play-pro-382,Diseño minimalista pero funcional. Perfecto para quienes buscan simplicidad sin renunciar al estilo.,Destacado,Niños,6852dcdc42ef544cc771d508,Chaquetas,etiqueta_1,etiqueta_2,etiqueta_3,etiqueta_4,,true,2025-04-17T01:47:17.000Z,6852dbf5c4a6f8d1a81074f6,0
6852ddc311304d6fc7c2732a,Tenis Sport Kid Max 171,f7d22daa-4df8-4a9d-bcb1-d88cae334c6c.jpg,tenis-sport-kid-max-171,Línea exclusiva con los más altos estándares de calidad. Un producto indispensable para tu día a día.,Nuevo,Niños,6852dcdc42ef544cc771d50c,Botas,etiqueta_1,etiqueta_2,etiqueta_3,,,false,2025-04-17T03:06:17.000Z,6852dbf5c4a6f8d1a81074f6,0
6852ddc311304d6fc7c27346,Mochila Premium Gold Premium 859,41726234-ae90-42b7-8901-525889c9d936.jpg,mochila-premium-gold-premium-859,Diseño minimalista pero funcional. Perfecto para quienes buscan simplicidad sin renunciar al estilo.,Oferta,Femenino,6852dcdc42ef544cc771d513,Eco-friendly,etiqueta_1,etiqueta_2,etiqueta_3,,,true,2025-04-17T00:58:17.000Z,6852dbf5c4a6f8d1a81074f6,0
6852ddc311304d6fc7c2734f,Set Colección Infantil Lite 747,111cc7a8-2729-43a7-93de-8557670fa496.jpg,set-coleccion-infantil-lite-747,Línea exclusiva con los más altos estándares de calidad. Un producto indispensable para tu día a día.,Exclusivo,Niños,6852dcdc42ef544cc771d514,Personajes,etiqueta_1,etiqueta_2,etiqueta_3,etiqueta_4,etiqueta_5,true,2025-04-17T02:16:17.000Z,6852dbf5c4a6f8d1a81074f6,0
6852ddc311304d6fc7c27355,Botas Urban Plus 458,d5a8916c-a5fe-4112-8541-58c061e71bd3.jpg,botas-urban-plus-458,Calidad premium y estilo contemporáneo. La combinación perfecta de practicidad y tendencia actual.,Nuevo,Femenino,6852dcdc42ef544cc771d50b,Botas,etiqueta_1,etiqueta_2,etiqueta_3,etiqueta_4,etiqueta_5,true,2025-04-17T02:37:17.000Z,6852dbf5c4a6f8d1a81074f6,0
6852ddc311304d6fc7c27359,Mochila Explorer Pro 442,81872913-e4c4-44de-9926-3cdc0d59af00.jpg,mochila-explorer-pro-442,Innovación y diseño de vanguardia. Un producto que destaca por su durabilidad y detalles cuidadosamente seleccionados.,Oferta,Masculino,6852dcdc42ef544cc771d4fe,Riñoneras,etiqueta_1,etiqueta_2,,,,true,2025-04-17T00:00:17.000Z,6852dbf5c4a6f8d1a81074f6,0
6852ddc311304d6fc7c2735f,Mochila Personajes Girl Lite 145,dcc7b8c6-f407-488b-b78c-7127b0d0e106.jpg,mochila-personajes-girl-lite-145,Diseño minimalista pero funcional. Perfecto para quienes buscan simplicidad sin renunciar al estilo.,Oferta,Niñas,6852dcdc42ef544cc771d515,Personajes,etiqueta_1,etiqueta_2,etiqueta_3,etiqueta_4,etiqueta_5,false,2025-04-17T02:52:17.000Z,6852dbf5c4a6f8d1a81074f6,0
6852ddc311304d6fc7c27363,Mochila Personajes Girl Plus 865,9fef63a3-a123-4702-8368-d519dde9fa5a.jpg,mochila-personajes-girl-plus-865,"Diseño ergonómico y resistente, ideal para uso diario. Con compartimentos organizados para satisfacer todas tus necesidades.",Edición Limitada,Niñas,6852dcdc42ef544cc771d515,Colecciones Infantiles,etiqueta_1,,,,,true,2025-04-17T00:04:17.000Z,6852dbf5c4a6f8d1a81074f6,0
6852ddc311304d6fc7c27368,Camiseta Logo Lite 557,683c5664-de04-49c0-8248-349538bb694d.jpg,camiseta-logo-lite-557,"Diseño ergonómico y resistente, ideal para uso diario. Con compartimentos organizados para satisfacer todas tus necesidades.",Nuevo,Masculino,6852dcdc42ef544cc771d506,Gorras y Sombreros,etiqueta_1,etiqueta_2,etiqueta_3,etiqueta_4,,true,2025-04-17T01:39:17.000Z,6852dbf5c4a6f8d1a81074f6,0
6852ddc311304d6fc7c27375,Botas Explorer Pro 176,21aa9715-6a6b-421c-ac63-917e7d5bcbb6.jpg,botas-explorer-pro-176,Calidad premium y estilo contemporáneo. La combinación perfecta de practicidad y tendencia actual.,Nuevo,Masculino,6852dcdc42ef544cc771d50a,Sandalias,etiqueta_1,etiqueta_2,,,,false,2025-04-17T02:14:17.000Z,6852dbf5c4a6f8d1a81074f6,0
6852ddc311304d6fc7c2739c,Audífonos Kid Plus 758,b31d1c2b-9907-4d32-9de0-b14fb9e8b501.jpg,audifonos-kid-plus-758,Material duradero y tecnología avanzada. Combina funcionalidad y estilo para acompañarte en todas tus actividades.,Destacado,Niños,6852dcdc42ef544cc771d510,Accesorios para Celular,etiqueta_1,etiqueta_2,etiqueta_3,etiqueta_4,etiqueta_5,false,2025-04-17T02:19:17.000Z,6852dbf5c4a6f8d1a81074f6,0
6852ddc311304d6fc7c273a4,Chaqueta Urban 2.0 874,eda3c843-489c-4f19-ab93-e0ad7c093fa4.jpg,chaqueta-urban-2-0-874,Diseño minimalista pero funcional. Perfecto para quienes buscan simplicidad sin renunciar al estilo.,Edición Limitada,Masculino,6852dcdc42ef544cc771d506,Pantalones,etiqueta_1,,,,,false,2025-04-17T01:11:17.000Z,6852dbf5c4a6f8d1a81074f6,0
6852ddc311304d6fc7c273b1,Tenis Runner Lite 187,a8fa9487-d2f6-4848-abd9-4e3d635ec51c.jpg,tenis-runner-lite-187,"Fabricado con los mejores materiales, ofrece comodidad y espacio. Su diseño único refleja tu personalidad.",Oferta,Masculino,6852dcdc42ef544cc771d50a,Zapatillas Deportivas,etiqueta_1,etiqueta_2,etiqueta_3,etiqueta_4,,false,2025-04-17T01:38:17.000Z,6852dbf5c4a6f8d1a81074f6,0
6852ddc311304d6fc7c273bb,Mochila Lifestyle Pro 184,9d92007d-5753-4eae-a470-a094b06846c1.jpg,mochila-lifestyle-pro-184,Diseño minimalista pero funcional. Perfecto para quienes buscan simplicidad sin renunciar al estilo.,Edición Limitada,Masculino,6852dcdc42ef544cc771d4ff,Riñoneras,etiqueta_1,,,,,false,2025-04-17T00:39:17.000Z,6852dbf5c4a6f8d1a81074f6,0
6852ddc311304d6fc7c273c1,Billetera Slim Plus 589,562748e8-a23f-4cdd-a61d-6ca6c32e6202.jpg,billetera-slim-plus-589,"Fabricado con los mejores materiales, ofrece comodidad y espacio. Su diseño único refleja tu personalidad.",Exclusivo,Femenino,6852dcdc42ef544cc771d503,Bolsos de Mano,etiqueta_1,etiqueta_2,,,,true,2025-04-17T02:47:17.000Z,6852dbf5c4a6f8d1a81074f6,0
6852ddc311304d6fc7c273c5,Sandalias Summer 2.0 896,723523d5-7f00-4450-bb30-c8a1f7a3972d.jpg,sandalias-summer-2-0-896,Diseño minimalista pero funcional. Perfecto para quienes buscan simplicidad sin renunciar al estilo.,Edición Limitada,Femenino,6852dcdc42ef544cc771d50b,Botas,etiqueta_1,etiqueta_2,etiqueta_3,etiqueta_4,etiqueta_5,true,2025-04-16T23:28:17.000Z,6852dbf5c4a6f8d1a81074f6,0
6852ddc311304d6fc7c273d0,Zapatillas City Max 978,7d05d26c-95f3-4a02-bcce-c83c79514568.jpg,zapatillas-city-max-978,Diseño minimalista pero funcional. Perfecto para quienes buscan simplicidad sin renunciar al estilo.,Destacado,Masculino,6852dcdc42ef544cc771d50a,Zapatillas Casual,etiqueta_1,etiqueta_2,,,,true,2025-04-17T01:14:17.000Z,6852dbf5c4a6f8d1a81074f6,0
6852ddc311304d6fc7c273df,Pantalón Sweet Lite 320,7fb550ab-16a2-4247-b33d-9852c113ce60.jpg,pantalon-sweet-lite-320,Elaborado con tecnología de punta y materiales sostenibles. Un producto que cuida de ti y del medio ambiente.,Nuevo,Niñas,6852dcdc42ef544cc771d509,Pantalones,etiqueta_1,etiqueta_2,etiqueta_3,etiqueta_4,etiqueta_5,true,2025-04-17T01:47:17.000Z,6852dbf5c4a6f8d1a81074f6,0
6852ddc311304d6fc7c273f5,Audífonos Slim Plus 158,78bd7cd0-d8b5-4503-8fc7-b7214175ed10.jpg,audifonos-slim-plus-158,Innovación y diseño de vanguardia. Un producto que destaca por su durabilidad y detalles cuidadosamente seleccionados.,Edición Limitada,Femenino,6852dcdc42ef544cc771d50f,Audífonos,etiqueta_1,etiqueta_2,etiqueta_3,,,true,2025-04-17T00:20:17.000Z,6852dbf5c4a6f8d1a81074f6,0
6852ddc311304d6fc7c273fd,Gadget Junior Premium 478,d6d8ba44-9922-4790-81b4-28514fa95734.jpg,gadget-junior-premium-478,Diseño minimalista pero funcional. Perfecto para quienes buscan simplicidad sin renunciar al estilo.,Oferta,Niños,6852dcdc42ef544cc771d510,Gadgets Infantiles,etiqueta_1,etiqueta_2,etiqueta_3,etiqueta_4,,true,2025-04-17T02:19:17.000Z,6852dbf5c4a6f8d1a81074f6,0
6852ddc311304d6fc7c27402,Sandalias Fun Premium 709,8f0f0373-774a-4ee7-9818-5591373634fc.jpg,sandalias-fun-premium-709,"Diseño ergonómico y resistente, ideal para uso diario. Con compartimentos organizados para satisfacer todas tus necesidades.",Nuevo,Niños,6852dcdc42ef544cc771d50c,Zapatillas Casual,etiqueta_1,etiqueta_2,,,,true,2025-04-16T23:52:17.000Z,6852dbf5c4a6f8d1a81074f6,0
6852ddc311304d6fc7c27424,Estuche Triple Stars Max 831,e6d3e8d7-8491-4d01-83c7-81baebccd2e5.jpg,estuche-triple-stars-max-831,Línea exclusiva con los más altos estándares de calidad. Un producto indispensable para tu día a día.,Edición Limitada,Niñas,6852dcdc42ef544cc771d505,Estuches,etiqueta_1,etiqueta_2,etiqueta_3,etiqueta_4,,false,2025-04-17T02:12:17.000Z,6852dbf5c4a6f8d1a81074f6,0
6852ddc311304d6fc7c2742c,Bolso de Mano Evening Max 402,e3b7bc90-06cd-4df9-a086-fc81fd41f24a.jpg,bolso-de-mano-evening-max-402,Diseño minimalista pero funcional. Perfecto para quienes buscan simplicidad sin renunciar al estilo.,Edición Limitada,Femenino,6852dcdc42ef544cc771d503,Billeteras,etiqueta_1,etiqueta_2,etiqueta_3,etiqueta_4,,true,2025-04-16T23:38:17.000Z,6852dbf5c4a6f8d1a81074f6,0
6852ddc311304d6fc7c27433,Cartuchera Adventure 2.0 881,132bb88a-e683-4f5d-a54e-bbcda337e041.jpg,cartuchera-adventure-2-0-881,Línea exclusiva con los más altos estándares de calidad. Un producto indispensable para tu día a día.,Nuevo,Niños,6852dcdc42ef544cc771d504,Loncheras,etiqueta_1,,,,,false,2025-04-17T01:27:17.000Z,6852dbf5c4a6f8d1a81074f6,0
6852ddc311304d6fc7c2743e,Pantalón Cargo Max 928,e3e06614-f78b-4d61-aadf-dba79d8831dc.jpg,pantalon-cargo-max-928,"Fabricado con los mejores materiales, ofrece comodidad y espacio. Su diseño único refleja tu personalidad.",Nuevo,Masculino,6852dcdc42ef544cc771d506,Sudaderas,etiqueta_1,etiqueta_2,,,,true,2025-04-16T23:26:17.000Z,6852dbf5c4a6f8d1a81074f6,0
6852ddc311304d6fc7c27447,Pantalón Play Lite 991,2e90b78d-dffd-4da4-8e71-8ddcf8461ad3.jpg,pantalon-play-lite-991,Elaborado con tecnología de punta y materiales sostenibles. Un producto que cuida de ti y del medio ambiente.,Edición Limitada,Niños,6852dcdc42ef544cc771d508,Camisetas,etiqueta_1,,,,,true,2025-04-17T00:47:17.000Z,6852dbf5c4a6f8d1a81074f6,0
6852ddc311304d6fc7c27456,Zapatillas Sweet Lite 883,48fa9b8b-3b6b-46c2-99e6-9c3ca045d806.jpg,zapatillas-sweet-lite-883,"Diseño ergonómico y resistente, ideal para uso diario. Con compartimentos organizados para satisfacer todas tus necesidades.",Oferta,Niñas,6852dcdc42ef544cc771d50d,Sandalias,etiqueta_1,,,,,false,2025-04-17T00:02:17.000Z,6852dbf5c4a6f8d1a81074f6,0
6852ddc311304d6fc7c2745f,Pantalón Slim 2.0 338,997acfbd-cb16-4380-a4a0-5f4dd4a5ed2b.jpg,pantalon-slim-2-0-338,Elaborado con tecnología de punta y materiales sostenibles. Un producto que cuida de ti y del medio ambiente.,Destacado,Femenino,6852dcdc42ef544cc771d507,Ropa Deportiva,etiqueta_1,,,,,true,2025-04-17T02:11:17.000Z,6852dbf5c4a6f8d1a81074f6,0
6852ddc311304d6fc7c27476,Lonchera Space Pro 204,68449552-9cd5-4132-8bb1-090abe72a63b.jpg,lonchera-space-pro-204,"Diseño ergonómico y resistente, ideal para uso diario. Con compartimentos organizados para satisfacer todas tus necesidades.",Destacado,Niños,6852dcdc42ef544cc771d500,Loncheras,etiqueta_1,etiqueta_2,,,,true,2025-04-16T23:45:17.000Z,6852dbf5c4a6f8d1a81074f6,0
6852ddc311304d6fc7c2747f,Pantalón Play 2.0 414,52b892c7-2950-4573-a9b1-0fc25ac023dc.jpg,pantalon-play-2-0-414,Elaborado con tecnología de punta y materiales sostenibles. Un producto que cuida de ti y del medio ambiente.,Edición Limitada,Niños,6852dcdc42ef544cc771d508,Gorras y Sombreros,etiqueta_1,etiqueta_2,,,,true,2025-04-17T00:48:17.000Z,6852dbf5c4a6f8d1a81074f6,0
6852ddc311304d6fc7c27489,Lonchera Space Lite 834,a78e15fa-3c29-463b-8755-cf0a887178a8.jpg,lonchera-space-lite-834,"Diseño ergonómico y resistente, ideal para uso diario. Con compartimentos organizados para satisfacer todas tus necesidades.",Oferta,Niños,6852dcdc42ef544cc771d500,Loncheras,etiqueta_1,etiqueta_2,etiqueta_3,etiqueta_4,,true,2025-04-17T02:23:17.000Z,6852dbf5c4a6f8d1a81074f6,0
6852ddc311304d6fc7c27492,Set Eco-friendly Plus Lite 379,bb1f948f-d438-488b-920a-7d6bb45da373.jpg,set-eco-friendly-plus-lite-379,Calidad premium y estilo contemporáneo. La combinación perfecta de practicidad y tendencia actual.,Oferta,Femenino,6852dcdc42ef544cc771d513,Premium,etiqueta_1,,,,,true,2025-04-17T00:39:17.000Z,6852dbf5c4a6f8d1a81074f6,0
6852ddc311304d6fc7c27499,Gadget Sweet Max 147,d2f86a55-9fa1-46d5-a0bc-3600460e9089.jpg,gadget-sweet-max-147,Funcionalidad excepcional con detalles prácticos. La opción ideal para quienes valoran la calidad y el diseño.,Oferta,Niñas,6852dcdc42ef544cc771d511,Gadgets Infantiles,etiqueta_1,etiqueta_2,,,,true,2025-04-16T23:39:17.000Z,6852dbf5c4a6f8d1a81074f6,0
6852ddc311304d6fc7c274a0,Billetera Slim Lite 633,23e9e2b1-6f39-4f85-9cef-64b5a5394004.jpg,billetera-slim-lite-633,"Diseño ergonómico y resistente, ideal para uso diario. Con compartimentos organizados para satisfacer todas tus necesidades.",Destacado,Femenino,6852dcdc42ef544cc771d503,Neceseres,etiqueta_1,,,,,true,2025-04-17T01:26:17.000Z,6852dbf5c4a6f8d1a81074f6,0
6852ddc311304d6fc7c274a7,Lonchera Unicorn Plus 346,f5b98b0b-e3f8-41cb-be2f-ee821ad529d3.jpg,lonchera-unicorn-plus-346,Calidad premium y estilo contemporáneo. La combinación perfecta de practicidad y tendencia actual.,Exclusivo,Niñas,6852dcdc42ef544cc771d501,Mochilas para Niños,etiqueta_1,etiqueta_2,etiqueta_3,etiqueta_4,etiqueta_5,true,2025-04-16T23:49:17.000Z,6852dbf5c4a6f8d1a81074f6,0
