_id,nombres,apellidos,email,email_validacion,password,estado,fullname,createdAT,tenant,__v
6852e00bec28a0201afd537f,Valeria Isabel,Díaz Nieto,valeria.díaz@yahoo.com,true,$2b$10$1/qDU4B3RAGeWNcgi1H/eeXB1kb2UAm.GetReHOgFVAOcOq0BVCsm,true,Valeria Isabel Díaz Nieto,2024-06-20T10:25:48.000Z,6852dbf5c4a6f8d1a81074f6,0
6852e00bec28a0201afd5380,Silvia Leticia,Gallego,silvia_gallego@gmail.com,true,$2b$10$QffW0TTmzwJ/7/fzFZbdgeBmDe4LPRk4ZVa/aJA.xFp/o39IZW.26,false,Silvia Leticia Gallego,2024-07-06T08:21:56.000Z,6852dbf5c4a6f8d1a81074f6,0
6852e00cec28a0201afd5381,Martín Juan,Cortés Díez,martíncortés95@mail.com,true,$2b$10$MPwSM/tlK7N22KTAbHwLjO3Ojsei2N.WlFV0frZrCp4WnFj30Vhry,true,Martín Juan Cortés Díez,2024-07-07T11:03:06.000Z,6852dbf5c4a6f8d1a81074f6,0
6852e00cec28a0201afd5382,Javier,Vidal Blanco,vidal.javier@hotmail.com,false,$2b$10$darQFaoRJ/uZo0w6hYFN4O6AiN/Tkx4zLaP/sElFbotyirEoNotsC,true,Javier Vidal Blanco,2024-08-07T14:50:25.000Z,6852dbf5c4a6f8d1a81074f6,0
6852e00cec28a0201afd5383,Javier,Pascual Rojas,javierpascual92@gmail.com,true,$2b$10$hXaWGwN9Pi3.7Y.6HiP1oucGXMaO2/pDZd.96622Mm3GeO78bP0oe,true,Javier Pascual Rojas,2024-08-08T18:53:11.000Z,6852dbf5c4a6f8d1a81074f6,0
6852e00cec28a0201afd5384,Gabriel,Alonso Lorenzo,gabriel503@mail.com,true,$2b$10$pz3VsKMisdFSZry2vEVEBuyS9lJElZaP4UgPBKLfB0MQlplSpjFfC,true,Gabriel Alonso Lorenzo,2024-09-28T23:29:13.000Z,6852dbf5c4a6f8d1a81074f6,0
6852e00cec28a0201afd5385,Alberto Alejandro,Santos,alberto866@protonmail.com,true,$2b$10$4cpnX7PP1QtlvL5NlOH/wuW3b4TbMJMkvu9.gufE43VnVzjy0j2IK,true,Alberto Alejandro Santos,2024-11-29T01:02:47.000Z,6852dbf5c4a6f8d1a81074f6,0
6852e00cec28a0201afd5386,Pilar,Gallego Gutiérrez,gallegop@mail.com,false,$2b$10$V3FtIY5zBFrQDD95OLUis.2QWP59N9.V.Rn2i2u.C36HoO7bzlmkm,true,Pilar Gallego Gutiérrez,2024-11-29T03:06:44.000Z,6852dbf5c4a6f8d1a81074f6,0
6852e00cec28a0201afd5387,Roberto,Benítez,roberto727@icloud.com,true,$2b$10$41SuBEgTRPiZr0gWtm8w3.JhL95l4cxTu5drhGqAFOBK.Z6yB6ppu,true,Roberto Benítez,2024-11-29T05:09:13.000Z,6852dbf5c4a6f8d1a81074f6,0
6852e00cec28a0201afd5388,Eduardo,Herrera,eduardo146@zoho.com,true,$2b$10$WYPssMdKLaA85Od1YzvGfeXvqBgHCu4FfThk9KLD.SfcUC7VMoIoi,true,Eduardo Herrera,2024-11-29T06:23:24.000Z,6852dbf5c4a6f8d1a81074f6,0
6852e00cec28a0201afd5389,Pablo,Benítez,pablobenítez71@protonmail.com,true,$2b$10$eWb9rwAFTv7tSyowstaWruYaCiOmPpqhne6.16AzXuwgaGmuNkvtG,true,Pablo Benítez,2024-11-29T06:32:42.000Z,6852dbf5c4a6f8d1a81074f6,0
6852e00cec28a0201afd538a,Isabel Patricia,Rubio,isabel.rubio@live.com,true,$2b$10$DKeB.nTsvdgXP1xQcqInPurGpuA9omD.xuS0PrlRZLo3i/mgMK7iu,true,Isabel Patricia Rubio,2024-11-29T07:15:49.000Z,6852dbf5c4a6f8d1a81074f6,0
6852e00cec28a0201afd538b,Gabriel Raúl,Jiménez Díez,gabriel.jiménez@zoho.com,true,$2b$10$Cy8Snht2FbZVp0uVlORmyuM0UuUApBL1OcRiRjM1ra8lKiouoJl6W,true,Gabriel Raúl Jiménez Díez,2024-11-29T08:15:34.000Z,6852dbf5c4a6f8d1a81074f6,0
6852e00cec28a0201afd538c,Oscar Rubén,Pascual Santos,opascual@yahoo.com,true,$2b$10$PEUvU.hcyyEa2LAJxzLEz.PwKwe5L5xxHrlUizgSmLvvC29O9j36u,false,Oscar Rubén Pascual Santos,2024-11-29T08:19:04.000Z,6852dbf5c4a6f8d1a81074f6,0
6852e00cec28a0201afd538d,Victoria Laura,Álvarez Alonso,álvarezv@live.com,true,$2b$10$.hzIkFwdd9zOaxAiWD21pOUNnApvmyHcf0NsRo7xr5RRPMaTtTWPy,true,Victoria Laura Álvarez Alonso,2024-11-29T08:32:28.000Z,6852dbf5c4a6f8d1a81074f6,0
6852e00cec28a0201afd538e,Rosa Adriana,Ruiz Navarro,rruiz@live.com,true,$2b$10$iSPBLH/FXbPMQna2AckPj.Guu8zgpliLDwXJDDuE97f.byhSmDVLe,true,Rosa Adriana Ruiz Navarro,2024-11-29T08:46:49.000Z,6852dbf5c4a6f8d1a81074f6,0
6852e00cec28a0201afd538f,Beatriz,Ortega,ortega.beatriz@hotmail.com,true,$2b$10$pWUyNMO/ghKmZ6.XRM2fF.aNQyrqCE9BJ.fI9sC7v2FuyJVTkfjL.,true,Beatriz Ortega,2024-11-29T09:15:52.000Z,6852dbf5c4a6f8d1a81074f6,0
6852e00cec28a0201afd5390,Catalina,Carmona,catalinacarmona201@hotmail.com,true,$2b$10$neoJ.d2OoAxg78XsD2tIBOt9Seor5X9fwcmPu5t/biyxiN2JIktd2,true,Catalina Carmona,2024-11-29T09:32:15.000Z,6852dbf5c4a6f8d1a81074f6,0
6852e00cec28a0201afd5391,Marcos,Vega,mvega@outlook.com,true,$2b$10$6uYEgFeqxy9q1fpwZPJgXOkgjXh1YKIf9m.QB5V0x5TccQSMXOVXy,true,Marcos Vega,2024-11-29T09:33:14.000Z,6852dbf5c4a6f8d1a81074f6,0
6852e00dec28a0201afd5392,Javier Alberto,Muñoz Rodríguez,javier.muñoz@protonmail.com,true,$2b$10$l8k65O6rLiqt8iHoSbGz.uxto//ujw3l/UVT8K6t4muxf/crN7ehW,true,Javier Alberto Muñoz Rodríguez,2024-11-29T09:40:53.000Z,6852dbf5c4a6f8d1a81074f6,0
6852e00dec28a0201afd5393,Ricardo,Montero Prieto,ricardo455@aol.com,true,$2b$10$dBIsnkywkHC5QEpMzK.eWetfmqfPhV/eis7DLBgfrPTtOpH6iP/eO,true,Ricardo Montero Prieto,2024-11-29T09:50:40.000Z,6852dbf5c4a6f8d1a81074f6,0
6852e00dec28a0201afd5394,Hugo,Vázquez,hvázquez@outlook.com,false,$2b$10$Ko8/HmRsLpNp9qbCO0tLL.qHdKqNPy8bE81Mx8FvoNNKLlOBrrYku,true,Hugo Vázquez,2024-11-29T10:18:26.000Z,6852dbf5c4a6f8d1a81074f6,0
6852e00dec28a0201afd5395,Roberto,Guerrero Blanco,roberto.guerrero@outlook.com,true,$2b$10$dxVedKHB/IV1hgvLD7DvJuBe4mRc1.lA9gx.wq1RoExu7mLPi80.u,true,Roberto Guerrero Blanco,2024-11-29T10:19:04.000Z,6852dbf5c4a6f8d1a81074f6,0
6852e00dec28a0201afd5396,Sofía Mariana,León,sofíaleón992@hotmail.com,true,$2b$10$fmU5b2SQ0VPtOC02tTeKjeYcnzVGemh/gXNltG3D4vAI1UliDANOO,true,Sofía Mariana León,2024-11-29T10:32:42.000Z,6852dbf5c4a6f8d1a81074f6,0
6852e00dec28a0201afd5397,Sofía,Gutiérrez,sofía_gutiérrez@outlook.com,true,$2b$10$YSm4Jps2w7lQafuZkQ/0meu0MeiEGD1udN25ztw3c8uI6YbJBgVqG,true,Sofía Gutiérrez,2024-11-29T10:43:46.000Z,6852dbf5c4a6f8d1a81074f6,0
6852e00dec28a0201afd5398,Verónica,Ramos Giménez,verónicaramos638@outlook.com,true,$2b$10$v/aZuXXxr2G6ht7l.fkSL.leVltzdzLiUHvODevTdJ11q2ohgh96C,true,Verónica Ramos Giménez,2024-11-29T11:01:41.000Z,6852dbf5c4a6f8d1a81074f6,0
6852e00dec28a0201afd5399,Elena Mónica,León,eleón@yahoo.com,true,$2b$10$mLw8iWzagM17UfTuM1V4FO/bTK/b35SahRCIEoGw7ONCOmPyyeNrm,true,Elena Mónica León,2024-11-29T11:13:23.000Z,6852dbf5c4a6f8d1a81074f6,0
6852e00dec28a0201afd539a,Juan,Vargas,vargasj@zoho.com,true,$2b$10$Hie9HfqXqUZsZWRt5mb05OuXdH7vt/rquT/q8/UvFJ1/DXESacvHC,true,Juan Vargas,2024-11-29T11:18:02.000Z,6852dbf5c4a6f8d1a81074f6,0
6852e00dec28a0201afd539b,Carlos Luis,Morales,cmorales@yahoo.com,true,$2b$10$ix64IgHZ.igaY/ftRTmVNOyM8d/bV.68K6kNPv5MemgrBZ2rmXUeC,true,Carlos Luis Morales,2024-11-29T11:29:24.000Z,6852dbf5c4a6f8d1a81074f6,0
6852e00dec28a0201afd539c,Guadalupe Antonia,Díez,guadalupe803@gmail.com,true,$2b$10$jDNuSfI619AMcBefkQ2qFOS5.c5yt/aH5QZDoCvIRBWp3qUyPa3K2,true,Guadalupe Antonia Díez,2024-11-29T11:32:17.000Z,6852dbf5c4a6f8d1a81074f6,0
6852e00dec28a0201afd539d,Mónica,Santiago,mónica.santiago@hotmail.com,true,$2b$10$NJwFR.P3RX2Gea.3v2s0d.JQBV0d4aD0ffeYNmWpbCkHBx/iRxVh.,true,Mónica Santiago,2024-11-29T11:51:34.000Z,6852dbf5c4a6f8d1a81074f6,0
6852e00dec28a0201afd539e,Gonzalo Pedro,Guerrero Blanco,guerrero.gonzalo@mail.com,true,$2b$10$FN6tsPdoDsKnIOGY9EocIOQjOf3V9ZJflY2Ror8XBgXBlBe/WTO4u,true,Gonzalo Pedro Guerrero Blanco,2024-11-29T11:55:51.000Z,6852dbf5c4a6f8d1a81074f6,0
6852e00dec28a0201afd539f,Patricia Teresa,Rubio,patriciarubio702@protonmail.com,true,$2b$10$CdPErP5uUqt8GgHz/clI7etOfbGXva/qaSDpurtjpc81qduSEUncW,true,Patricia Teresa Rubio,2024-11-29T12:17:59.000Z,6852dbf5c4a6f8d1a81074f6,0
6852e00dec28a0201afd53a0,Daniela,López Vidal,daniela581@zoho.com,true,$2b$10$o2uNuSFYDDy.MxtfjNU1z.jrUAI76aARUS6RDPR6APTaHzk8fjtza,true,Daniela López Vidal,2024-11-29T12:24:38.000Z,6852dbf5c4a6f8d1a81074f6,0
6852e00dec28a0201afd53a1,Juan,Giménez,juangiménez91@icloud.com,true,$2b$10$6ofTKCLU6cgk/v7N3/cMweVUnqfW.e/BUpxxU97Y4O7DaY7DkQLIm,true,Juan Giménez,2024-11-29T13:25:59.000Z,6852dbf5c4a6f8d1a81074f6,0
6852e00dec28a0201afd53a2,Rubén,Gil,rubéngil301@yahoo.com,true,$2b$10$qPpJ5R4Bc.wIZHRcoJAFK.wysg7Jfh5o6MxkWr/3KOWQb2MtqzXwW,true,Rubén Gil,2024-11-29T14:05:47.000Z,6852dbf5c4a6f8d1a81074f6,0
6852e00dec28a0201afd53a3,David,Vargas,vargas.david@gmail.com,true,$2b$10$lVs5NrF2jHeg5WIa5/e/N.Rkep2i2pQf6yCqQyI2Lu5CTSHFz.ge.,true,David Vargas,2024-11-29T14:24:55.000Z,6852dbf5c4a6f8d1a81074f6,0
6852e00eec28a0201afd53a4,Raúl Daniel,Delgado Ortega,raúldelgado71@live.com,false,$2b$10$C1uTegzBM.ve9qLSMl0oF.6BPXmpDNj3ifTNaFnFIe.tIhMrroQQO,true,Raúl Daniel Delgado Ortega,2024-11-29T14:39:24.000Z,6852dbf5c4a6f8d1a81074f6,0
6852e00eec28a0201afd53a5,Natalia Silvia,Díez Marín,natalia.díez@live.com,true,$2b$10$j5KgZasnHAFlhZB7gAByoOEB5j/E40L/gSAM84EXgX1JxrJTFn8Cu,true,Natalia Silvia Díez Marín,2024-11-29T14:44:37.000Z,6852dbf5c4a6f8d1a81074f6,0
6852e00eec28a0201afd53a6,Alejandra Mariana,Pastor Gutiérrez,alejandra.pastor@gmail.com,true,$2b$10$LyDHWKU7BfJXvpQR8nOs3e.rYBVds/KjYjllq5fnlIc8Lrn6fRd6a,true,Alejandra Mariana Pastor Gutiérrez,2024-11-29T15:10:09.000Z,6852dbf5c4a6f8d1a81074f6,0
6852e00eec28a0201afd53a7,Juan,Suárez Vicente,juansuárez80@yahoo.com,true,$2b$10$3GGlwkIS6ozjmulfkLzm1.IEceTZRUYl/Q4bIZDMhJF.le9ji27g6,true,Juan Suárez Vicente,2024-11-29T15:12:06.000Z,6852dbf5c4a6f8d1a81074f6,0
6852e00eec28a0201afd53a8,Camila Carmen,Calvo Torres,ccalvo@hotmail.com,true,$2b$10$2CUPzC0GCu7sI7cYtb1hy.8TPIN7ANh6Wv3puT4lbUJGcUqVtqEUe,true,Camila Carmen Calvo Torres,2024-11-29T15:25:58.000Z,6852dbf5c4a6f8d1a81074f6,0
6852e00eec28a0201afd53a9,Roberto Alejandro,Peña Méndez,roberto_peña@gmail.com,true,$2b$10$54kdvr2boRP1Ov0v3gjCu.gK92.5uTpKAWC4rRANbNSJdNlDmL1mK,true,Roberto Alejandro Peña Méndez,2024-11-29T15:57:38.000Z,6852dbf5c4a6f8d1a81074f6,0
6852e00eec28a0201afd53aa,Verónica Guadalupe,Díez Navarro,díez.verónica@live.com,true,$2b$10$JoQ1NQTgJAmRGKIpO7t6AORxZsECMYojc1k.71i5YNb64olrIvEuy,true,Verónica Guadalupe Díez Navarro,2024-11-29T16:01:13.000Z,6852dbf5c4a6f8d1a81074f6,0
6852e00eec28a0201afd53ab,Carolina,Ruiz,ruizc@gmail.com,false,$2b$10$I9iFk6eQd./kRhIWpBXwAu5oooWF2rINB1cIouswVobo1uJjFNar2,true,Carolina Ruiz,2024-11-29T16:05:59.000Z,6852dbf5c4a6f8d1a81074f6,0
6852e00eec28a0201afd53ac,Eduardo,Arias Iglesias,eduardo.arias@mail.com,true,$2b$10$1EDoR.HK7ZSrk5sDu3UbB.uYF5o4JS2bWojYQglLUZ11RoKgql4Oy,true,Eduardo Arias Iglesias,2024-11-29T16:11:45.000Z,6852dbf5c4a6f8d1a81074f6,0
6852e00eec28a0201afd53ad,Alejandro Gonzalo,Suárez,suárez.alejandro@live.com,true,$2b$10$P64DTUuiDSBzNGo1wOlu8e5PaHzuvYuJPcNlpzCmVj4rmJ6G9p0jK,true,Alejandro Gonzalo Suárez,2024-11-29T16:14:16.000Z,6852dbf5c4a6f8d1a81074f6,0
6852e00eec28a0201afd53ae,Rubén José,Méndez,méndez.rubén@gmail.com,true,$2b$10$hCba97wWRIsc7gt6agMGvuy./whNRlz5c8WRZSW12uRIRUdNCT7GK,true,Rubén José Méndez,2024-11-29T16:42:08.000Z,6852dbf5c4a6f8d1a81074f6,0
6852e00eec28a0201afd53af,Oscar,Hidalgo,oscar.hidalgo@protonmail.com,true,$2b$10$4aNOWBMgh/y/Tkgvfu/NiuGPlNlBpynIS5WjUT3b3OorfAi087Xue,false,Oscar Hidalgo,2024-11-29T17:54:06.000Z,6852dbf5c4a6f8d1a81074f6,0
6852e00eec28a0201afd53b0,Juan,Medina Santana,medinaj@zoho.com,true,$2b$10$u18R2xZx/qhQnyFlbYbQhe9KLgMBYDbNyp27sgCYUfF3lEfolhDtS,true,Juan Medina Santana,2024-11-29T18:05:29.000Z,6852dbf5c4a6f8d1a81074f6,0
6852e00eec28a0201afd53b1,Daniela Carolina,Martín Torres,martínd@hotmail.com,true,$2b$10$YW68OSVEU3VilH/RyaFyZeJqTm5U1NMcF9PdzJJAFlfgWpa9wHwze,true,Daniela Carolina Martín Torres,2024-11-29T18:31:16.000Z,6852dbf5c4a6f8d1a81074f6,0
6852e00eec28a0201afd53b2,Armando,Prieto Vázquez,armandoprieto92@icloud.com,true,$2b$10$qr6/KCK9wNOEPKSIsCyrBOieaQsWh9kIp53HKu3ogvjgpfcrRS3Ty,true,Armando Prieto Vázquez,2024-11-29T18:34:45.000Z,6852dbf5c4a6f8d1a81074f6,0
6852e00eec28a0201afd53b3,Hugo,Carmona Cabrera,hugo.carmona@icloud.com,true,$2b$10$c0yCivoW4Rs.OJWcW3/xj.bEawLMZoFtLPLovL7JL2j1MF47XhCtW,true,Hugo Carmona Cabrera,2024-11-29T18:38:57.000Z,6852dbf5c4a6f8d1a81074f6,0
6852e00eec28a0201afd53b4,Pedro,Peña Sáez,pedro.peña@yahoo.com,true,$2b$10$xSYd99kVU4kuE3P58.ebaOVhkBeqyN24knYvsUqCxIbMmgYaHvZye,true,Pedro Peña Sáez,2024-11-29T18:45:00.000Z,6852dbf5c4a6f8d1a81074f6,0
6852e00fec28a0201afd53b5,Pilar,Sáez,psáez@hotmail.com,true,$2b$10$z2A3vOBotiKgFECyVp47V.ufWRMBXZTws5CazoIXXiIMVOJvZrsjO,true,Pilar Sáez,2024-11-29T18:46:37.000Z,6852dbf5c4a6f8d1a81074f6,0
6852e00fec28a0201afd53b6,Arturo Julio,Pastor,apastor@zoho.com,true,$2b$10$XTtjz4UPiDDIG.rIhS2w3O1.jbFIcUcdO98306NYBTVWeHjxFHqhC,true,Arturo Julio Pastor,2024-11-29T18:49:18.000Z,6852dbf5c4a6f8d1a81074f6,0
6852e00fec28a0201afd53b7,José Mario,Molina Fernández,jmolina@aol.com,true,$2b$10$9lxso7aWHgcRNXCMvkHFJOsdZnggiYvLa.L5jW5b9v7MQ5FfPqike,true,José Mario Molina Fernández,2024-11-29T19:28:59.000Z,6852dbf5c4a6f8d1a81074f6,0
6852e00fec28a0201afd53b8,Susana Gabriela,Pastor Arias,susanapastor77@outlook.com,true,$2b$10$SMXAC6AkuvN6ULJIJGaVBectFo6PAm8w.womporqQfLlkLs3Zp2gS,true,Susana Gabriela Pastor Arias,2024-11-29T19:43:17.000Z,6852dbf5c4a6f8d1a81074f6,0
6852e00fec28a0201afd53b9,Juana Camila,Marín Díez,marínj@yahoo.com,true,$2b$10$/UbTqMhO6iOCTcnFtEOiu.TpUnTqBn31.2zGM49RlldSr6Nhbyz0W,true,Juana Camila Marín Díez,2024-11-29T20:02:09.000Z,6852dbf5c4a6f8d1a81074f6,0
6852e00fec28a0201afd53ba,Jorge,Sanz,jorgesanz70@hotmail.com,true,$2b$10$bnRLR8t2wuQCOzCpOw61R.nTmLC10iG80s/XKq.Y0NniuyBA6d6p2,true,Jorge Sanz,2024-11-29T20:23:36.000Z,6852dbf5c4a6f8d1a81074f6,0
6852e00fec28a0201afd53bb,Hugo,Ibáñez Sanz,hugo636@zoho.com,true,$2b$10$YZ771c3OCBHRO4pYlTmQOe3gDeP2kxrjLzyz2m1ep8QGd6Ahb3JPO,true,Hugo Ibáñez Sanz,2024-11-29T20:40:17.000Z,6852dbf5c4a6f8d1a81074f6,0
6852e00fec28a0201afd53bc,José Diego,Alonso,josé27@gmail.com,true,$2b$10$3dKCWsw.HdEivMWyHsHC/.1f6FzYfid1raB336ZYH/nLhQ/ftodiC,true,José Diego Alonso,2024-11-29T20:41:01.000Z,6852dbf5c4a6f8d1a81074f6,0
6852e00fec28a0201afd53bd,Cecilia Verónica,González,cecilia271@gmail.com,true,$2b$10$iW4Qx5gwfL3s6yjiqZuI2uXQatLntqWxknFfQC.OOvRxIiu3Htpm2,true,Cecilia Verónica González,2024-11-29T20:58:40.000Z,6852dbf5c4a6f8d1a81074f6,0
6852e00fec28a0201afd53be,Lucía Antonia,Prieto Martín,lucía938@icloud.com,true,$2b$10$Z.e3.x7Fa91a3cp.YZOKKec9464R01iRN3XDI9cDFR/CPYLQCW7U2,true,Lucía Antonia Prieto Martín,2024-11-29T21:04:32.000Z,6852dbf5c4a6f8d1a81074f6,0
6852e00fec28a0201afd53bf,Francisco Víctor,Garrido,garridof@outlook.com,true,$2b$10$RD6/k6xrKCXvmhVlzZpjKuuUSSZHARe93cUh/VTFwpvM.x9uG49.y,false,Francisco Víctor Garrido,2024-11-29T21:17:30.000Z,6852dbf5c4a6f8d1a81074f6,0
6852e00fec28a0201afd53c0,Gabriel Francisco,Gil,gabriel.gil@protonmail.com,true,$2b$10$x0RLWh.FeSgKtdpH1k4W1.4TtGuNiLCcWEfR/7G8GR7.M.5JJaM5.,true,Gabriel Francisco Gil,2024-11-29T21:18:02.000Z,6852dbf5c4a6f8d1a81074f6,0
6852e00fec28a0201afd53c1,Alberto Antonio,Rodríguez Iglesias,arodríguez@icloud.com,true,$2b$10$l.9j..h.3Ixh9dq.aiSoL./pLEB0BcMWb9G8ccL0bLb90YD56/Eju,true,Alberto Antonio Rodríguez Iglesias,2024-11-29T21:18:39.000Z,6852dbf5c4a6f8d1a81074f6,0
6852e00fec28a0201afd53c2,Isabel Alejandra,Gómez,gómezi@live.com,true,$2b$10$27R1Yd1XwodtN9kFvlY2Aew7X/jLF7JFmjLwxrsUsSZad6GE2o3fS,true,Isabel Alejandra Gómez,2024-11-29T21:20:05.000Z,6852dbf5c4a6f8d1a81074f6,0
6852e00fec28a0201afd53c3,Pedro,Suárez Gallardo,pedrosuárez95@mail.com,true,$2b$10$0X0t0Rg8DKU3Lo4OM/sSKemENOCB//21k9O0WrQgGEsERHJELznyq,true,Pedro Suárez Gallardo,2024-11-29T21:31:25.000Z,6852dbf5c4a6f8d1a81074f6,0
6852e00fec28a0201afd53c4,Gabriela,Molina,molina.gabriela@gmail.com,true,$2b$10$G11myfzp69uoD1Tj4LQBcO1lvqkpWpD6swC9TmKZmCeka2YLKxOQq,true,Gabriela Molina,2024-11-29T21:35:34.000Z,6852dbf5c4a6f8d1a81074f6,0
6852e00fec28a0201afd53c5,Lourdes Daniela,Ortiz Vázquez,lourdes.ortiz@aol.com,true,$2b$10$t9Tbv/XWFWE57rJT/c5WjeiCDsFr84HcwCDywPeRIRplW4cYu7LJ2,true,Lourdes Daniela Ortiz Vázquez,2024-11-29T21:56:55.000Z,6852dbf5c4a6f8d1a81074f6,0
6852e010ec28a0201afd53c6,Antonio Ricardo,Campos Ruiz,antonio.campos@outlook.com,true,$2b$10$YuU8eQ/vA3pbF89Si4ILBOzKb6vBV6JofdtjYua34Qv1IfyguE1tW,true,Antonio Ricardo Campos Ruiz,2024-11-29T22:05:30.000Z,6852dbf5c4a6f8d1a81074f6,0
6852e010ec28a0201afd53c7,Hugo,Rubio Prieto,hugorubio133@zoho.com,true,$2b$10$bVNwF5L0.dnwejO1PGWjSeu8GYsOazEj/fGZlSuJ5Bavjl4JGO86y,true,Hugo Rubio Prieto,2024-11-29T22:09:42.000Z,6852dbf5c4a6f8d1a81074f6,0
6852e010ec28a0201afd53c8,Armando Mario,Herrera,herrera.armando@aol.com,true,$2b$10$nhboRPfpbbTWDwLxDKT5Yu5iQdQ6rRscqcc.45m4bXcCzB8CKSuLK,true,Armando Mario Herrera,2024-11-29T22:14:09.000Z,6852dbf5c4a6f8d1a81074f6,0
6852e010ec28a0201afd53c9,Cecilia Silvia,Pastor Ramos,ceciliapastor6@protonmail.com,true,$2b$10$H4cnCag69SdINWm52rlRQ.DkgIhnm7318RiM8OMBn9B3qTvqZKkC2,true,Cecilia Silvia Pastor Ramos,2024-11-29T22:25:17.000Z,6852dbf5c4a6f8d1a81074f6,0
6852e010ec28a0201afd53ca,Arturo Francisco,Gutiérrez Reyes,arturo.gutiérrez@live.com,true,$2b$10$9dyMpeyXyIvbS09CneZS0.FKJ6kQk3qh38OAvH28CaLrlgRV655OS,true,Arturo Francisco Gutiérrez Reyes,2024-11-29T22:26:31.000Z,6852dbf5c4a6f8d1a81074f6,0
6852e010ec28a0201afd53cb,Silvia,López Cortés,silvia261@hotmail.com,true,$2b$10$GEkTCjlQ6QZVnTalDM6Pie7TcyrjCs1VAJ/io0vxX5FZb4ADWspH2,true,Silvia López Cortés,2024-11-29T22:38:23.000Z,6852dbf5c4a6f8d1a81074f6,0
6852e010ec28a0201afd53cc,Enrique,Morales Torres,enriquemorales93@mail.com,true,$2b$10$JiKid3hHIqY3bcbtNnkR2O76xg6vUTdnCyx6G3O7cn.uEzUYf9Say,true,Enrique Morales Torres,2024-11-29T22:39:00.000Z,6852dbf5c4a6f8d1a81074f6,0
6852e010ec28a0201afd53cd,Mario Eduardo,Ortiz,mario_ortiz@zoho.com,true,$2b$10$Z96CFx3vKGJ3Fg1MEtSlmeplFqz87KkfATe.daTmmpo8ywLUTm3Xa,true,Mario Eduardo Ortiz,2024-11-29T22:39:52.000Z,6852dbf5c4a6f8d1a81074f6,0
6852e010ec28a0201afd53ce,Pilar Susana,Gil,pgil@hotmail.com,true,$2b$10$8yWPkZqF7uNUPNtcwc4xFeT0Y.Y9TYI3aTipyybYVLw95D787j.Eq,true,Pilar Susana Gil,2024-11-29T22:40:26.000Z,6852dbf5c4a6f8d1a81074f6,0
6852e010ec28a0201afd53cf,Enrique,Santiago,santiago.enrique@gmail.com,false,$2b$10$YIXLJJC8XAYcGwEbiGetSeDGtkVkuimAY22G8Hb/sLfIlD8EYRDh6,true,Enrique Santiago,2024-11-29T23:04:11.000Z,6852dbf5c4a6f8d1a81074f6,0
6852e010ec28a0201afd53d0,Isabel,Hernández,isabelhernández199@mail.com,true,$2b$10$.4KB8wJOhaU8lkGlQt1KC.Uqp.Sa.hfezZvjOmXhCpBHrmnU47JEW,true,Isabel Hernández,2024-11-29T23:40:57.000Z,6852dbf5c4a6f8d1a81074f6,0
6852e010ec28a0201afd53d1,José,Carrasco Iglesias,jcarrasco@mail.com,false,$2b$10$bnYEif36uD9HfPwtPIZIAuujSiamimMeEexJixn45b3iqaj27Aehq,true,José Carrasco Iglesias,2024-11-29T23:44:12.000Z,6852dbf5c4a6f8d1a81074f6,0
6852e010ec28a0201afd53d2,Adriana Mónica,Bravo,abravo@aol.com,true,$2b$10$eUWFlodt7cMT3SDt/1BUJ.OjRXQOXaAQ90i.MUhoL4h8iCUxTEmTG,true,Adriana Mónica Bravo,2024-11-29T23:47:59.000Z,6852dbf5c4a6f8d1a81074f6,0
6852e010ec28a0201afd53d3,Rubén Rafael,Hidalgo Rubio,rubén.hidalgo@gmail.com,false,$2b$10$gOCtRsSfm1j/UJtfJlWhNuas/p5biCilOz43chpuhUE.UJf8aqDAK,true,Rubén Rafael Hidalgo Rubio,2024-11-29T23:55:52.000Z,6852dbf5c4a6f8d1a81074f6,0
6852e010ec28a0201afd53d4,Juan Hugo,Ferrer,jferrer@hotmail.com,true,$2b$10$W.71MTt9h2LinymIuwv2.O5kju4bzhAXm1wX38Ha/H7uvr1Ccz0Du,true,Juan Hugo Ferrer,2024-11-29T23:59:41.000Z,6852dbf5c4a6f8d1a81074f6,0
6852e010ec28a0201afd53d5,Arturo,Díez,arturo_díez@mail.com,true,$2b$10$gOz5lItmZAIuQG2DJGHciumGX6t5a0ESyfGtn5Pw0RkNbVv0xMxRW,true,Arturo Díez,2024-12-02T07:46:05.000Z,6852dbf5c4a6f8d1a81074f6,0
6852e010ec28a0201afd53d6,Diego,Méndez,dméndez@zoho.com,true,$2b$10$1da5ZQIdzxNQjdZKuJoRvOEvpvu5hyArcO.QHhot6QTL0lqV9HarW,true,Diego Méndez,2024-12-02T08:07:40.000Z,6852dbf5c4a6f8d1a81074f6,0
6852e011ec28a0201afd53d7,Susana,Velasco Ibáñez,susana.velasco@aol.com,true,$2b$10$tf3mXX9ddHk/L0/ugOed1uH66WVOJnwV2RXA5WqsUNQL719uDnP82,true,Susana Velasco Ibáñez,2024-12-02T08:28:33.000Z,6852dbf5c4a6f8d1a81074f6,0
6852e011ec28a0201afd53d8,Javier Gabriel,León,jleón@outlook.com,true,$2b$10$mh7CftHOsTr2LXMndwAYIuruYt/TAn9jwHopPcSeMKAwK.ga3lvba,true,Javier Gabriel León,2024-12-02T08:33:16.000Z,6852dbf5c4a6f8d1a81074f6,0
6852e011ec28a0201afd53d9,María Antonia,Torres Navarro,maríatorres37@gmail.com,true,$2b$10$2DDEG/9IT6CkC.ngzH6Kde7fmzYDvjKFO.dSnQOByldWl/CUUG3C.,true,María Antonia Torres Navarro,2024-12-02T09:30:23.000Z,6852dbf5c4a6f8d1a81074f6,0
6852e011ec28a0201afd53da,Enrique,Soto Ibáñez,enriquesoto515@live.com,true,$2b$10$vLLH6jHrBigEhSkLXSfWfu6N7g4aGJEYbJ4v5KI0farkolGBlOkuS,true,Enrique Soto Ibáñez,2024-12-02T09:36:26.000Z,6852dbf5c4a6f8d1a81074f6,0
6852e011ec28a0201afd53db,César,Garrido Herrero,césargarrido96@live.com,true,$2b$10$gD/TkUFJrHPyKXvlgDhM.uRZXoz6CsUoUo8SPimw7XyHEJoYCcK8O,true,César Garrido Herrero,2024-12-02T09:43:31.000Z,6852dbf5c4a6f8d1a81074f6,0
6852e011ec28a0201afd53dc,Diana,Márquez Caballero,diana393@aol.com,false,$2b$10$XCLdHQgUfnYcOPG9yNd5DOIOtlES2Aq8hxoW8Qrj4WsFtZbJxnweC,true,Diana Márquez Caballero,2024-12-02T09:59:48.000Z,6852dbf5c4a6f8d1a81074f6,0
6852e011ec28a0201afd53dd,Roberto,Garrido Reyes,roberto.garrido@yahoo.com,true,$2b$10$j.2YsHHn631XEfIFVVLzouGcJZ5ercXh8zOFAKIwSL7DdAYHkfAl2,true,Roberto Garrido Reyes,2024-12-02T10:15:54.000Z,6852dbf5c4a6f8d1a81074f6,0
6852e011ec28a0201afd53de,Silvia,Núñez,silvia988@hotmail.com,true,$2b$10$48Hdyzdtk3B9hb.HrCTNsuY3MPu5.SYkjNVOK941ZYh8GqDarJ4Pm,true,Silvia Núñez,2024-12-02T10:19:29.000Z,6852dbf5c4a6f8d1a81074f6,0
6852e011ec28a0201afd53df,Leticia Silvia,Ruiz Moreno,ruiz.leticia@icloud.com,false,$2b$10$78IKKnaDewimTHp8YFPOmeu5totb1MUA9az3ZGbwVDUw6NjaF3Zhe,true,Leticia Silvia Ruiz Moreno,2024-12-02T10:53:34.000Z,6852dbf5c4a6f8d1a81074f6,0
6852e011ec28a0201afd53e0,Armando,Santos,santosa@icloud.com,true,$2b$10$tY1x7jyI7aVSeg02x7M.1ulAWgYbCCSmOd4ZJOi0RY5EKW5aQyv2q,true,Armando Santos,2024-12-02T10:54:48.000Z,6852dbf5c4a6f8d1a81074f6,0
6852e011ec28a0201afd53e1,Carolina,Benítez,carolina.benítez@outlook.com,true,$2b$10$XPdp4faSR/.M0..E87YmT.YR23DtRa/MHfmujp6gD27y6flKL5MS6,true,Carolina Benítez,2024-12-02T11:18:03.000Z,6852dbf5c4a6f8d1a81074f6,0
6852e011ec28a0201afd53e2,Adriana Diana,Ibáñez Rodríguez,adrianaibáñez426@aol.com,true,$2b$10$.RS3eC2iC1DFdoq4vTWvgODqQlxmanl6WAvPFAXdQQ0BZW/QeVkrW,true,Adriana Diana Ibáñez Rodríguez,2024-12-02T11:59:02.000Z,6852dbf5c4a6f8d1a81074f6,0
6852e011ec28a0201afd53e3,Sofía,Serrano,sofía.serrano@aol.com,true,$2b$10$TeVcJ6ZWBe8BHN45YHMsYuTZjETUv7RlAZkn0dHPtGu/NXl.UJEga,false,Sofía Serrano,2024-12-02T12:31:28.000Z,6852dbf5c4a6f8d1a81074f6,0
6852e011ec28a0201afd53e4,Francisco,Campos Ramírez,franciscocampos906@zoho.com,true,$2b$10$DDu6/0GHnWfXD7dtgJg8QeeMTOgDJYaNbmebA76Nb.830NwnF7s2G,true,Francisco Campos Ramírez,2024-12-02T12:56:39.000Z,6852dbf5c4a6f8d1a81074f6,0
6852e011ec28a0201afd53e5,Arturo Andrés,Suárez Soto,asuárez@live.com,true,$2b$10$8KOq8DOEsJmXqCBlwRPfd.cNRgKyKDHD0gPj6PLCwJCK0U1QMWycC,true,Arturo Andrés Suárez Soto,2024-12-02T13:56:58.000Z,6852dbf5c4a6f8d1a81074f6,0
6852e011ec28a0201afd53e6,Enrique,Caballero,caballero.enrique@yahoo.com,false,$2b$10$qOSfknAG6XKeUnzzrEYZ3O33zf.0P2wG8q2fP0eBKoLJKdYnWxf0a,true,Enrique Caballero,2024-12-02T14:15:07.000Z,6852dbf5c4a6f8d1a81074f6,0
6852e011ec28a0201afd53e7,Victoria,Gutiérrez Hernández,victoria955@yahoo.com,false,$2b$10$k1y5hBedcThhS2OQ6NMIieSpnA0ZGSqfX4Mz7YZhXDchA9QRW/gTq,true,Victoria Gutiérrez Hernández,2024-12-02T14:33:44.000Z,6852dbf5c4a6f8d1a81074f6,0
6852e011ec28a0201afd53e8,Daniela,Garrido Ramírez,daniela_garrido@protonmail.com,true,$2b$10$CiCsEVrE79w1j2MgqPnQKetoZRqp5FiKbwABlz0/P7YLHF6weQV0K,true,Daniela Garrido Ramírez,2024-12-02T15:02:42.000Z,6852dbf5c4a6f8d1a81074f6,0
6852e012ec28a0201afd53e9,Víctor Eduardo,Ramos,ramos.víctor@icloud.com,true,$2b$10$g4jAl5Ti79NLtazmjkEx2uz8OaQGjnEgTsg4p4XX4B2F7olM36rTy,true,Víctor Eduardo Ramos,2024-12-02T15:04:02.000Z,6852dbf5c4a6f8d1a81074f6,0
6852e012ec28a0201afd53ea,Carlos,Duran,carlosduran91@zoho.com,true,$2b$10$23nnTG9G69XPI81WZrDcvet8fhDrwZsAeR33DMYd3IDJcF6hDctuy,true,Carlos Duran,2024-12-02T15:56:21.000Z,6852dbf5c4a6f8d1a81074f6,0
6852e012ec28a0201afd53eb,Eduardo Ricardo,Sáez,eduardo.sáez@icloud.com,true,$2b$10$TmZxxs8/ZXm01ExPeoj/se0ceZqnIMzt7ve/Tk8f4GA.YGmuVslJS,true,Eduardo Ricardo Sáez,2024-12-02T16:11:11.000Z,6852dbf5c4a6f8d1a81074f6,0
6852e012ec28a0201afd53ec,Lourdes Verónica,Pastor Vargas,lourdes_pastor@hotmail.com,true,$2b$10$ujGgtnnx0xf8Rj3iFn5wwe1d/A2WfcXQD85NCz/5H17efs4kPEFwK,true,Lourdes Verónica Pastor Vargas,2024-12-02T16:24:46.000Z,6852dbf5c4a6f8d1a81074f6,0
6852e012ec28a0201afd53ed,Mónica Elena,Calvo,mónica.calvo@aol.com,false,$2b$10$hmyFWpgSCZMs8ZOFgoq96eptWZoth6F5H3I8PtvFAeAZ4kZGPTzqW,true,Mónica Elena Calvo,2024-12-02T16:30:53.000Z,6852dbf5c4a6f8d1a81074f6,0
6852e012ec28a0201afd53ee,Roberto Víctor,Herrera,robertoherrera606@gmail.com,true,$2b$10$Hoe6jI2gqdqrH1/LejM.deRGQAC2ZGde44rkKzwrLmCOkM3gVv9J.,true,Roberto Víctor Herrera,2024-12-02T17:59:15.000Z,6852dbf5c4a6f8d1a81074f6,0
6852e012ec28a0201afd53ef,Rafael,Benítez González,rafaelbenítez90@icloud.com,true,$2b$10$gYRsolG.uhZrNHdAhj/EvupNXX.Uy4ZBS6gezNOjZkIjVngqQeMhi,true,Rafael Benítez González,2024-12-02T17:59:28.000Z,6852dbf5c4a6f8d1a81074f6,0
6852e012ec28a0201afd53f0,Beatriz,Vidal,vidal.beatriz@zoho.com,true,$2b$10$l8Sl7CiOslnJwOtqpWRg6.Z3XIDvUoKW1OHu1KxYlK/Ty1mfQyTVO,true,Beatriz Vidal,2024-12-02T18:36:16.000Z,6852dbf5c4a6f8d1a81074f6,0
6852e012ec28a0201afd53f1,Elena Sofía,Reyes,reyes.elena@mail.com,true,$2b$10$cBGBwGphS7VPVuth.n81Hui.3DZkaj0t9OrdcfLaXUCYCK.WGrS.G,true,Elena Sofía Reyes,2024-12-02T18:51:58.000Z,6852dbf5c4a6f8d1a81074f6,0
6852e012ec28a0201afd53f2,Verónica,Pascual,verónica.pascual@gmail.com,true,$2b$10$v6EMAP7YNO1mQocWAPata.LhvfnogEFyl.UqoILB.rc7nhckhLtJW,true,Verónica Pascual,2024-12-02T19:23:20.000Z,6852dbf5c4a6f8d1a81074f6,0
6852e012ec28a0201afd53f3,Daniel Víctor,Santiago Flores,daniel.santiago@protonmail.com,true,$2b$10$P7oeHl1cTqeMJ1E5QsgJxObA6B4CvaTVRH3I4QxWZhKgcXzASKTCe,true,Daniel Víctor Santiago Flores,2024-12-02T19:31:17.000Z,6852dbf5c4a6f8d1a81074f6,0
6852e012ec28a0201afd53f4,Jorge,Cortés Bravo,jorgecortés872@yahoo.com,true,$2b$10$XjfUyaoElqFAr4wgDn2ftesTnpvro4gJXTQoQ5rB4BKLFWtRA8hUy,true,Jorge Cortés Bravo,2024-12-02T20:14:30.000Z,6852dbf5c4a6f8d1a81074f6,0
6852e012ec28a0201afd53f5,Laura,Gil,lauragil169@protonmail.com,true,$2b$10$1rMjtmuhnJYmz8EcMXSzDOVpgN46aHlwchfwdQq0RL5dSIZC5rKBq,true,Laura Gil,2024-12-02T20:51:00.000Z,6852dbf5c4a6f8d1a81074f6,0
6852e012ec28a0201afd53f6,Lucía,Duran,lucíaduran71@gmail.com,true,$2b$10$m/4ixYwluDNjHhpl7lATuutJYfhq2YVCOdokmYDtkvKWKIWlrhqfm,true,Lucía Duran,2024-12-02T20:57:12.000Z,6852dbf5c4a6f8d1a81074f6,0
6852e012ec28a0201afd53f7,Manuel,Rojas,manuelrojas555@outlook.com,true,$2b$10$FaR1Kl7nySxu9FJvI7usUec2AAItiX2.8oC.KUy6lwkkzQUmWHB2G,true,Manuel Rojas,2024-12-02T21:00:05.000Z,6852dbf5c4a6f8d1a81074f6,0
6852e012ec28a0201afd53f8,Ricardo Mario,Marín,ricardomarín389@aol.com,true,$2b$10$vvR8UYmrKlzukmSKyDv5IennOYkYEGezPKzlzmuuJCBrj1bqn7Dya,true,Ricardo Mario Marín,2024-12-02T21:15:32.000Z,6852dbf5c4a6f8d1a81074f6,0
6852e012ec28a0201afd53f9,Verónica,Pascual Méndez,pascual.verónica@zoho.com,true,$2b$10$WKwilI.XH3.48DiyBnOrbOWX/wJRiZ0MoOORzXp0YOxz9kffQviBO,true,Verónica Pascual Méndez,2024-12-02T21:38:22.000Z,6852dbf5c4a6f8d1a81074f6,0
6852e013ec28a0201afd53fa,Rosa Daniela,Pascual Peña,rosa_pascual@aol.com,true,$2b$10$yliTLy4QJqo2ZkyQTVD4MOKeWsIHkyt80kGcIn2lbVR1bZNwyH5Sq,true,Rosa Daniela Pascual Peña,2024-12-02T22:30:28.000Z,6852dbf5c4a6f8d1a81074f6,0
6852e013ec28a0201afd53fb,Daniela,Velasco,velasco.daniela@icloud.com,true,$2b$10$yL81yjdi34XGva3T/fWZ/.dOxH/HJYzNxAL4zkdxenNpWcewAjNpe,false,Daniela Velasco,2024-12-02T22:48:50.000Z,6852dbf5c4a6f8d1a81074f6,0
6852e013ec28a0201afd53fc,Pedro,Cano Rodríguez,pcano@zoho.com,true,$2b$10$yvecEAxn6qu96WFLRzPwxuQMU37VSdy8y2qH5iuAD81HOFhV1R2Um,true,Pedro Cano Rodríguez,2024-12-02T22:52:57.000Z,6852dbf5c4a6f8d1a81074f6,0
6852e013ec28a0201afd53fd,Leticia,Prieto,prietol@hotmail.com,true,$2b$10$7brNjOdjCD8MeCF6s9ifAOIgpwxMlonqX9Mm9pv9pBFDoHiMM9U5a,true,Leticia Prieto,2024-12-24T22:27:05.000Z,6852dbf5c4a6f8d1a81074f6,0
6852e013ec28a0201afd53fe,Mariana Patricia,Alonso Santos,mariana.alonso@icloud.com,true,$2b$10$173Yze3L/CzNoqsm4eTHJOKHOlZkosmKHpA7BfpmRNjTLofu5bqb6,true,Mariana Patricia Alonso Santos,2025-01-06T08:39:36.000Z,6852dbf5c4a6f8d1a81074f6,0
6852e013ec28a0201afd53ff,Francisco Julio,Delgado,franciscodelgado815@zoho.com,false,$2b$10$ALAWGHqjUFx2DmGZV6/iY.WIYX8KqwYQgp.vfrsfizOCWchwclrUO,false,Francisco Julio Delgado,2025-01-06T11:07:31.000Z,6852dbf5c4a6f8d1a81074f6,0
6852e013ec28a0201afd5400,Teresa Alejandra,Vázquez Delgado,tvázquez@icloud.com,true,$2b$10$SsumLKSaMwfUL5211FKPd.8.552GNWulQhCZobpfx3CEIpYGIo6UK,true,Teresa Alejandra Vázquez Delgado,2025-01-06T12:05:07.000Z,6852dbf5c4a6f8d1a81074f6,0
6852e013ec28a0201afd5401,Pilar,Soto,pilar_soto@zoho.com,true,$2b$10$tGbmnh1cry6ePhw39QH93OcKTu7sj1QNXlaL2T43af/G9YcThFBTy,true,Pilar Soto,2025-01-06T12:18:42.000Z,6852dbf5c4a6f8d1a81074f6,0
6852e013ec28a0201afd5402,Alberto Andrés,Soto,alberto_soto@mail.com,true,$2b$10$HE3PJdNoIZSJNxfZUQh7IeCLdVRFTNnDEcH.OIQ68BqzH7NeTZncW,true,Alberto Andrés Soto,2025-01-06T12:34:01.000Z,6852dbf5c4a6f8d1a81074f6,0
6852e013ec28a0201afd5403,Carlos Hugo,Montero Cruz,cmontero@gmail.com,false,$2b$10$JoABjtmQ4MunhL6A3CG/G.LAqKyAh1V6qcOE.RbVZXktpGJRTIDkG,true,Carlos Hugo Montero Cruz,2025-01-06T13:44:23.000Z,6852dbf5c4a6f8d1a81074f6,0
6852e013ec28a0201afd5404,Cristina,Cano Herrera,cristinacano88@hotmail.com,true,$2b$10$6qRt2AeLoIuPXElGNP/Cyeo4onmR94FsAnxGBhxiANHSRz4BE1GhG,true,Cristina Cano Herrera,2025-01-06T13:54:00.000Z,6852dbf5c4a6f8d1a81074f6,0
6852e013ec28a0201afd5405,Laura,Fernández Delgado,laura_fernández@yahoo.com,true,$2b$10$B.MdtwexpWBbgwodijkUBuUPMxrLwQkiPcGtV/.QjFCY2utjudAPC,true,Laura Fernández Delgado,2025-01-06T15:21:23.000Z,6852dbf5c4a6f8d1a81074f6,0
6852e013ec28a0201afd5406,Pilar Guadalupe,Gutiérrez,gutiérrezp@aol.com,true,$2b$10$lSXbOFGy5I71NYKlqd3EIu7PjPrRiFuR1ivw/fboJCZSRac00BeKG,true,Pilar Guadalupe Gutiérrez,2025-01-06T16:33:06.000Z,6852dbf5c4a6f8d1a81074f6,0
6852e013ec28a0201afd5407,Diego,Muñoz Pérez,muñoz.diego@zoho.com,true,$2b$10$32yLRo5a2pvYqv3rvUPW1eT3N35oX3Lbdrcll35/aMW5zin3PoNKe,false,Diego Muñoz Pérez,2025-01-06T16:52:43.000Z,6852dbf5c4a6f8d1a81074f6,0
6852e013ec28a0201afd5408,Luisa,Díaz,ldíaz@outlook.com,true,$2b$10$ej66UgeiFYiWGXX9OZvQD./JmUMaVfZkWSkXxV3vfoofub5bsKKl.,true,Luisa Díaz,2025-01-06T19:46:52.000Z,6852dbf5c4a6f8d1a81074f6,0
6852e013ec28a0201afd5409,Carmen Claudia,Cortés,carmencortés578@yahoo.com,true,$2b$10$bFukHC5nAV2OEJc3.MDaneOuNTLYyWfLgK3cskkQCzrQ.Qw.dldO2,false,Carmen Claudia Cortés,2025-01-06T19:50:15.000Z,6852dbf5c4a6f8d1a81074f6,0
6852e013ec28a0201afd540a,Hugo,Velasco Sánchez,hugo.velasco@live.com,true,$2b$10$vW21R1JxaZajTXF3SWmilumiQ8Rjpoc3fMke7Fd5efGW4.pvewMk2,true,Hugo Velasco Sánchez,2025-01-06T19:58:38.000Z,6852dbf5c4a6f8d1a81074f6,0
6852e013ec28a0201afd540b,Antonio,Santiago Castillo,antonio281@gmail.com,false,$2b$10$IlD4991jcEE40adb1oSQ/.BCho5vkQj0qSkpSXmDmWjCbLnpLzMk.,true,Antonio Santiago Castillo,2025-01-06T20:37:42.000Z,6852dbf5c4a6f8d1a81074f6,0
6852e014ec28a0201afd540c,Julia,Gutiérrez Gómez,julia.gutiérrez@hotmail.com,true,$2b$10$mPK01fieZodfZ2Uk4AxXQe5jJoZVuG8RY9on7mpOtYEOoU03sy02y,true,Julia Gutiérrez Gómez,2025-01-06T20:50:53.000Z,6852dbf5c4a6f8d1a81074f6,0
6852e014ec28a0201afd540d,Mónica,Lorenzo Soler,mlorenzo@zoho.com,true,$2b$10$yIv25vAI0YGbJoTeV.SLuOl1F2bdbt/022kLGltQnj/8YMpNMC8S.,true,Mónica Lorenzo Soler,2025-01-06T21:07:34.000Z,6852dbf5c4a6f8d1a81074f6,0
6852e014ec28a0201afd540e,Mónica Beatriz,Rodríguez,mrodríguez@yahoo.com,true,$2b$10$jccxd45grnWrPmt4M8dIkeHfWQZQSOe4h4Qt2OSAOqe6fEHxEHJ5K,true,Mónica Beatriz Rodríguez,2025-01-06T21:27:29.000Z,6852dbf5c4a6f8d1a81074f6,0
6852e014ec28a0201afd540f,Alejandra,Torres,atorres@hotmail.com,true,$2b$10$aOILc.r82DRLuZBBM7yNG.00oeae8FmTOW3e50VJc4.0RilZR18pe,true,Alejandra Torres,2025-01-06T22:11:10.000Z,6852dbf5c4a6f8d1a81074f6,0
6852e014ec28a0201afd5410,Pedro,Pérez,pedropérez974@yahoo.com,true,$2b$10$1UsK1VcXwBsHSYhVSVKa7eq4xF6mUUSS3q8dJyBHQXGHjR0YPi/kC,true,Pedro Pérez,2025-01-06T22:56:31.000Z,6852dbf5c4a6f8d1a81074f6,0
6852e014ec28a0201afd5411,Camila Mónica,León Soler,camilaleón355@icloud.com,false,$2b$10$s0tbLXI9AMHNRQveEbu3WOQICip.1l2x9euP54qbsg/N5BWw/TcUe,true,Camila Mónica León Soler,2025-01-06T23:10:03.000Z,6852dbf5c4a6f8d1a81074f6,0
6852e014ec28a0201afd5412,Camila,Medina,camila.medina@aol.com,true,$2b$10$htUKofRJo2KLUXJdjoInQO38LOmeE8bYr8ufMgtLMD8YHhtzyG1wm,true,Camila Medina,2025-01-08T12:17:47.000Z,6852dbf5c4a6f8d1a81074f6,0
6852e014ec28a0201afd5413,Rafael,Díez,rafael_díez@aol.com,true,$2b$10$VIZ8HxMUuA6B5Yn7W/fjE.w.ITcLPlMVzdY5TR.QzwKb4BXplP3RW,true,Rafael Díez,2025-01-30T12:06:38.000Z,6852dbf5c4a6f8d1a81074f6,0
6852e014ec28a0201afd5414,María Catalina,Giménez,mgiménez@yahoo.com,true,$2b$10$y4EXjRAMovl0u94f7MIaVO06XAj/vlXXnDGnE/B0RH2CMvYh4oNy.,true,María Catalina Giménez,2025-02-14T00:00:43.000Z,6852dbf5c4a6f8d1a81074f6,0
6852e014ec28a0201afd5415,Ernesto Oscar,Campos,ernestocampos913@gmail.com,true,$2b$10$SkpRDPUU/.5nwp9wG2X/Ru6.TgUdKKgL/kM3a8HQupk.onk/egiti,true,Ernesto Oscar Campos,2025-02-14T09:43:02.000Z,6852dbf5c4a6f8d1a81074f6,0
6852e014ec28a0201afd5416,Alejandro Alberto,Lozano,alozano@icloud.com,true,$2b$10$JzoQXE14rQBJ4LfPEWBNeu/vJYx3t15K41YZ5XRX4lyyc4yUMnicS,true,Alejandro Alberto Lozano,2025-02-14T11:12:36.000Z,6852dbf5c4a6f8d1a81074f6,0
6852e014ec28a0201afd5417,Alejandro,Santana,alejandro966@mail.com,true,$2b$10$3Z8F5PHr3m4oBhhozbqTl.jjmuL0L46HOpNYWQwydzgIIbW/BI2kO,true,Alejandro Santana,2025-02-14T11:18:22.000Z,6852dbf5c4a6f8d1a81074f6,0
6852e014ec28a0201afd5418,Alejandro Gonzalo,Lorenzo Santos,alejandrolorenzo86@protonmail.com,true,$2b$10$L1ol/fKKLZ9fDdvpruBoI.Q7wXWKwua5gtYva1s22luFXvPoc6OYK,true,Alejandro Gonzalo Lorenzo Santos,2025-02-14T11:31:01.000Z,6852dbf5c4a6f8d1a81074f6,0
6852e014ec28a0201afd5419,Gabriela,Díez Mora,gabrieladíez71@hotmail.com,true,$2b$10$GJcTFCRlHOcBE1S3T9Mfo.7QDm1g51j55QbKAcSjUGh2RtWxl4PjO,true,Gabriela Díez Mora,2025-02-14T12:57:12.000Z,6852dbf5c4a6f8d1a81074f6,0
6852e014ec28a0201afd541a,Hugo,Bravo,hugo113@aol.com,true,$2b$10$Mc9iLH7yhl2j0/6x79OGN.ie9/0XhIZZoulP0w2P0tS5D.eIO8I/K,true,Hugo Bravo,2025-02-14T14:43:08.000Z,6852dbf5c4a6f8d1a81074f6,0
6852e014ec28a0201afd541b,Alejandro David,Soto,asoto@aol.com,true,$2b$10$wCK0AMeJuy6uSuNEOdHGu.SJRHoJMGKA.mRQ.nF5xZ0Azi6TV0Jbi,true,Alejandro David Soto,2025-02-14T16:01:22.000Z,6852dbf5c4a6f8d1a81074f6,0
6852e014ec28a0201afd541c,Antonio Alberto,López,alópez@hotmail.com,true,$2b$10$AoJm.Ic.zBGN20JB9PTgtePQrGehz9GNWm3dxdshXFTn/j4SrR6kW,false,Antonio Alberto López,2025-02-14T16:16:11.000Z,6852dbf5c4a6f8d1a81074f6,0
6852e015ec28a0201afd541d,Antonia,Soler Román,soler.antonia@aol.com,true,$2b$10$wL5x5NJhfTRximjeC98Lye3r8uSTkLTJcu/hDEyIGaV/Y8G5.n4Se,true,Antonia Soler Román,2025-02-14T16:42:07.000Z,6852dbf5c4a6f8d1a81074f6,0
6852e015ec28a0201afd541e,Salvador Luis,Sáez,ssáez@yahoo.com,true,$2b$10$SNN2yB/Kvp7PzTSnVd/4z.57tn7yDeQ9nPC4VKJndKO7aQ5fkj8WC,true,Salvador Luis Sáez,2025-02-14T18:14:08.000Z,6852dbf5c4a6f8d1a81074f6,0
6852e015ec28a0201afd541f,Alicia Beatriz,Rubio,aliciarubio68@hotmail.com,true,$2b$10$5c5QW7pZN9tbomXUiupTf.49m724cQP376JL1JWi690VbqY3vSpUq,true,Alicia Beatriz Rubio,2025-02-14T18:59:30.000Z,6852dbf5c4a6f8d1a81074f6,0
6852e015ec28a0201afd5420,Marcos Alfredo,Ramos Romero,ramos.marcos@protonmail.com,true,$2b$10$YfRf83UrIY/g2QfBrumzsOQExnsFj0V3A1LqDF5uxVsFL66WPExO.,true,Marcos Alfredo Ramos Romero,2025-02-14T19:37:00.000Z,6852dbf5c4a6f8d1a81074f6,0
6852e015ec28a0201afd5421,Beatriz Alicia,Sanz Rodríguez,sanz.beatriz@aol.com,true,$2b$10$A.tqk5ou2Fy/zDHlsGCU3.O1fgfcu.vq7vJjgZ2TpVNM0qA1YUu5i,true,Beatriz Alicia Sanz Rodríguez,2025-02-14T19:40:33.000Z,6852dbf5c4a6f8d1a81074f6,0
6852e015ec28a0201afd5422,Claudia,Cruz,claudia_cruz@protonmail.com,true,$2b$10$e98CdFKvR4rVY5ZwALnWx.ZNCY2TqzhlOtWHIgrU5kTeYgftKdi26,true,Claudia Cruz,2025-02-14T21:30:08.000Z,6852dbf5c4a6f8d1a81074f6,0
6852e015ec28a0201afd5423,César Daniel,Montero Alonso,cmontero@zoho.com,true,$2b$10$dIddwa/qPm3hF54cv6E2oOGitHH0UjiCCfnkUSMDFv0Mi6Nwhu8h2,true,César Daniel Montero Alonso,2025-02-14T21:35:46.000Z,6852dbf5c4a6f8d1a81074f6,0
6852e015ec28a0201afd5424,Alicia Cecilia,Rodríguez Cano,alicia_rodríguez@protonmail.com,true,$2b$10$V9PRJlYSJN6Pl5m1EW6A6evvUSUeWNMaNbp9tt2EWx60Pj1GI3uoy,true,Alicia Cecilia Rodríguez Cano,2025-02-14T21:57:25.000Z,6852dbf5c4a6f8d1a81074f6,0
6852e015ec28a0201afd5425,Camila Beatriz,Marín,marín.camila@icloud.com,true,$2b$10$Vlc3kn3LbX583IwtlLHat.WmZfAbyKemyi9Vo7Sg0wuNDyHNwsyrW,true,Camila Beatriz Marín,2025-02-14T21:58:34.000Z,6852dbf5c4a6f8d1a81074f6,0
6852e015ec28a0201afd5426,Diana,Castillo,dianacastillo87@live.com,true,$2b$10$H.y4HPZsAa//90l3/YRLX.o8o657YfxsQ2Splvz/ycWuV7gmnUaBC,true,Diana Castillo,2025-02-14T22:05:14.000Z,6852dbf5c4a6f8d1a81074f6,0
6852e015ec28a0201afd5427,Carolina Fernanda,Díez,cdíez@hotmail.com,true,$2b$10$xeCFQO0167dBszbStLH9Yuy1yUZTikM.tMrN3SprvVnt97/BZsEui,true,Carolina Fernanda Díez,2025-02-14T22:17:22.000Z,6852dbf5c4a6f8d1a81074f6,0
6852e015ec28a0201afd5428,Oscar,Rodríguez Suárez,oscar.rodríguez@outlook.com,true,$2b$10$ruyPQm2EXZsW5NJT8IqZfugcwk6m4ouYkLmex30ZgQEEVY0/BqXGO,true,Oscar Rodríguez Suárez,2025-03-03T06:54:44.000Z,6852dbf5c4a6f8d1a81074f6,0
6852e015ec28a0201afd5429,Juana Susana,Reyes,juanareyes965@outlook.com,true,$2b$10$CRjjRDqgm8PYl2ULur9YdenQm5NM1u0IoQinnUS9Uy69mZLMgQA.C,true,Juana Susana Reyes,2025-03-03T11:05:30.000Z,6852dbf5c4a6f8d1a81074f6,0
6852e015ec28a0201afd542a,Eduardo,Moya,eduardomoya90@mail.com,true,$2b$10$WDxrsTWLCTYSVzAPPLI4nukyOSvvmUX6lP6v.I.bDjrCykZXtKlq6,true,Eduardo Moya,2025-03-03T11:29:38.000Z,6852dbf5c4a6f8d1a81074f6,0
6852e015ec28a0201afd542b,Camila Rosa,Caballero Ibáñez,camilacaballero147@live.com,true,$2b$10$yWYRtS3SL/WDVsBCTNaWROm6Z38EQspE9x7omqVK/Ishbqvd6pofK,true,Camila Rosa Caballero Ibáñez,2025-03-03T11:53:28.000Z,6852dbf5c4a6f8d1a81074f6,0
6852e015ec28a0201afd542c,Laura,Gallardo Román,gallardol@icloud.com,true,$2b$10$kGuFnEVpnFLXvUjiyawXLuNBcIED7yFv2MHw04sss2a.LaWEMhAQa,true,Laura Gallardo Román,2025-03-03T12:10:00.000Z,6852dbf5c4a6f8d1a81074f6,0
6852e015ec28a0201afd542d,Alejandro Diego,Vicente Vega,alejandrovicente496@outlook.com,true,$2b$10$qKBkgF4D/lh6YVTKXJxbk.ClX2dz2m8XbRVMDoIewRgsGGG4/q5Q2,false,Alejandro Diego Vicente Vega,2025-03-03T12:23:23.000Z,6852dbf5c4a6f8d1a81074f6,0
6852e016ec28a0201afd542e,Manuel Gonzalo,Ibáñez Duran,manuel24@protonmail.com,true,$2b$10$/ZzjBHG3KqbkAjV4h47tAujPoTGT2kTt5ZKa4JQMQ0SilAFa/f4Ri,true,Manuel Gonzalo Ibáñez Duran,2025-03-03T13:15:10.000Z,6852dbf5c4a6f8d1a81074f6,0
6852e016ec28a0201afd542f,Guadalupe Victoria,Martínez Muñoz,martínezg@protonmail.com,true,$2b$10$Gz/yagHnqopdHqeMbGDCcO2yoeiRcO8DvVQUUIFW5iv7TY5Y.IkR.,false,Guadalupe Victoria Martínez Muñoz,2025-03-03T18:28:19.000Z,6852dbf5c4a6f8d1a81074f6,0
6852e016ec28a0201afd5430,Isabel Fernanda,Arias,isabel_arias@aol.com,true,$2b$10$8mxNhEeRsbpbPbHN3UQ5P.tFnSqGMkDG8X/RQ6wbj.fHDezJF7OCG,true,Isabel Fernanda Arias,2025-03-03T18:51:46.000Z,6852dbf5c4a6f8d1a81074f6,0
6852e016ec28a0201afd5431,Diana Martha,López,lópez.diana@yahoo.com,true,$2b$10$9asxMYINP/eqG/Paxt6Jju1AFZBXy.DohiACCVmRZiiuiIUsEb.tC,true,Diana Martha López,2025-03-03T18:54:41.000Z,6852dbf5c4a6f8d1a81074f6,0
6852e016ec28a0201afd5432,Elena,Santana Moreno,elena.santana@aol.com,true,$2b$10$ZLw.G/k.SRXjVEW/CG8rJuNLUsUuMwcPL9au3voXmFV8ufmCnjY2u,false,Elena Santana Moreno,2025-03-03T19:22:42.000Z,6852dbf5c4a6f8d1a81074f6,0
6852e016ec28a0201afd5433,Daniel,Mora Ruiz,dmora@icloud.com,true,$2b$10$wGq5fBPZO1bb1jN.b7Vza.M8Qz135BFAZNlOqxAHvWN3wG5h.ITdy,true,Daniel Mora Ruiz,2025-03-03T19:23:20.000Z,6852dbf5c4a6f8d1a81074f6,0
6852e016ec28a0201afd5434,Gabriel Martín,Lozano,gabriellozano99@mail.com,false,$2b$10$B0.aStOf.8q5.eUsekkh/.OJRFk5TS3X/K26ytIYkZWh4nlILFGgu,true,Gabriel Martín Lozano,2025-03-03T20:16:55.000Z,6852dbf5c4a6f8d1a81074f6,0
6852e016ec28a0201afd5435,Gabriel Antonio,Calvo,gabriel_calvo@mail.com,true,$2b$10$lMnibf74z0FXxjp2zduuaeIDPYwcPUMxo80mO/i.HUy/7LP3xwaIK,false,Gabriel Antonio Calvo,2025-03-03T21:23:58.000Z,6852dbf5c4a6f8d1a81074f6,0
6852e016ec28a0201afd5436,Hugo Sergio,Rojas,hugorojas15@outlook.com,true,$2b$10$5mLt/Ov2J4BhgvLo44jGbefKJTnnJ6iILPmN.oKC3NGdXwGrgvh1S,true,Hugo Sergio Rojas,2025-03-03T21:27:16.000Z,6852dbf5c4a6f8d1a81074f6,0
6852e016ec28a0201afd5437,Adriana,Molina Esteban,molina.adriana@hotmail.com,true,$2b$10$3M4UYKARX/R2Ce8MQEQ39eouZ69RYDYdQHFgLGX/bFXQ1B31o//8u,true,Adriana Molina Esteban,2025-03-03T22:00:08.000Z,6852dbf5c4a6f8d1a81074f6,0
6852e016ec28a0201afd5438,Patricia,Hidalgo,patricia_hidalgo@gmail.com,true,$2b$10$Mmu/Jxv9/zzLS7bLrRit1OMdyYUnlbqW0OTUGSt9QiJbd4Y2xz1N.,true,Patricia Hidalgo,2025-03-03T22:11:30.000Z,6852dbf5c4a6f8d1a81074f6,0
6852e016ec28a0201afd5439,Pedro,Pérez Cortés,pedro_pérez@icloud.com,true,$2b$10$CxKC3zEdEkYczgbXQG4QnuNHGYcdGQsh005MKbsFQZ8wfRY6hDtKi,true,Pedro Pérez Cortés,2025-03-03T22:51:10.000Z,6852dbf5c4a6f8d1a81074f6,0
6852e016ec28a0201afd543a,Isabel Valeria,Peña,isabel_peña@zoho.com,true,$2b$10$lnvZ0NmeuZIyUWLWtuW61eahuZgvLZcEVWleLtk2zJUZyctyy2yqG,true,Isabel Valeria Peña,2025-03-03T23:13:46.000Z,6852dbf5c4a6f8d1a81074f6,0
6852e016ec28a0201afd543b,Gabriela Natalia,Reyes Duran,reyes.gabriela@outlook.com,true,$2b$10$bx5vv4lavxaqitf8Y1O9yesCyUIwOhLClIksg40WDbu9hZKSWkUVm,true,Gabriela Natalia Reyes Duran,2025-03-03T23:39:16.000Z,6852dbf5c4a6f8d1a81074f6,0
6852e016ec28a0201afd543c,Sofía Gabriela,Gallardo Garrido,sofíagallardo86@hotmail.com,false,$2b$10$91YTxt0mD00S2i3QujKvqefKCGMb327aZRQkvRbX7hh54POt08bPm,true,Sofía Gabriela Gallardo Garrido,2025-03-04T08:42:44.000Z,6852dbf5c4a6f8d1a81074f6,0
6852e016ec28a0201afd543d,Elena Cristina,Ramos Lozano,elena.ramos@yahoo.com,true,$2b$10$ZDcvojx/DBVjkXfiwp/GpOMsXpQU2dw9arI6mCFowhcSaCuy33Vvu,true,Elena Cristina Ramos Lozano,2025-03-04T10:00:31.000Z,6852dbf5c4a6f8d1a81074f6,0
6852e016ec28a0201afd543e,Pedro,Garrido,pedrogarrido666@live.com,true,$2b$10$dEJEKudtEVjBnIKehlufCOuDwCyHL7E5SDfbNZJ7OJikCAllpnroO,true,Pedro Garrido,2025-03-04T14:30:20.000Z,6852dbf5c4a6f8d1a81074f6,0
6852e016ec28a0201afd543f,Lourdes Julia,Gómez Herrero,lourdes_gómez@live.com,true,$2b$10$QSCiSsNguw5EVcXBorbik.E4/VLd7mcmqHRbhKDmKTQ6ddR9viyRu,true,Lourdes Julia Gómez Herrero,2025-03-04T14:34:09.000Z,6852dbf5c4a6f8d1a81074f6,0
6852e017ec28a0201afd5440,Susana Juana,Domínguez Esteban,susana.domínguez@yahoo.com,true,$2b$10$dU5q4tZV.vdC.hT9eXxpDemsyGV9foUMvF3FuRD5/iyp6lMK0rd/2,true,Susana Juana Domínguez Esteban,2025-03-04T15:16:46.000Z,6852dbf5c4a6f8d1a81074f6,0
6852e017ec28a0201afd5441,Adriana,Ibáñez Vázquez,ibáñeza@protonmail.com,true,$2b$10$2jddx8RGSvpM/6TyeR5NmOizhuJzdUXv0TihmcGz2cJzBK1y.Enjm,true,Adriana Ibáñez Vázquez,2025-03-04T18:09:29.000Z,6852dbf5c4a6f8d1a81074f6,0
6852e017ec28a0201afd5442,Isabel Elena,Campos,isabel182@protonmail.com,true,$2b$10$DeKCY6wbAV/Qj4QJoj7G8Os3dVBnHxHBCDUTDI1kLl0TKo1EMx6X2,true,Isabel Elena Campos,2025-03-04T18:14:26.000Z,6852dbf5c4a6f8d1a81074f6,0
6852e017ec28a0201afd5443,Francisco,Torres,francisco_torres@mail.com,true,$2b$10$/.ZGtoS1zfMgyMXbbWmFi.TQr/vfVSI7iQmCzan4dIbtJdMccikKe,true,Francisco Torres,2025-03-04T19:01:17.000Z,6852dbf5c4a6f8d1a81074f6,0
6852e017ec28a0201afd5444,Víctor,Ortiz,víctor_ortiz@aol.com,true,$2b$10$o5kbWBtYxyFmritkvdoMjuqgc8tuwcm28beZc7JddbHvgwZW3SKqK,true,Víctor Ortiz,2025-03-04T19:46:19.000Z,6852dbf5c4a6f8d1a81074f6,0
6852e017ec28a0201afd5445,Catalina,Arias López,catalina_arias@zoho.com,true,$2b$10$dBANwHnz51fTwuj/g4q5Jefw4dfgBDT1K2klppTwZh.2a/4S.REju,true,Catalina Arias López,2025-03-04T20:24:28.000Z,6852dbf5c4a6f8d1a81074f6,0
6852e017ec28a0201afd5446,Isabel,Nieto Gómez,nieto.isabel@protonmail.com,true,$2b$10$fzyWXZJQVfM8DKY1jdAJhuUpKRMyTItqiBeHsAEbxW0cpvlHPB7ge,false,Isabel Nieto Gómez,2025-03-07T19:21:37.000Z,6852dbf5c4a6f8d1a81074f6,0
